<ObjectNode>
  <data>
    <id>3489001</id>
    <info>
      <regNum>Э2211</regNum>
      <code>893Э2211</code>
      <divisionParentName></divisionParentName>
      <divisionParentCode></divisionParentCode>
      <ogrn>1091324000459</ogrn>
      <fullName>МУНИЦИПАЛЬНОЕ БЮДЖЕТНОЕ УЧРЕЖДЕНИЕ КУЛЬТУРЫ "КУЛЬТУРНО-ДОСУГОВЫЙ ЦЕНТР" СЕМИЛЕЙСКОГО СЕЛЬСКОГО ПОСЕЛЕНИЯ КОЧКУРОВСКОГО МУНИЦИПАЛЬНОГО РАЙОНА РЕСПУБЛИКИ МОРДОВИЯ</fullName>
      <shortName>МБУК "КДЦ" СЕМИЛЕЙСКОГО СЕЛЬСКОГО ПОСЕЛЕНИЯ КОЧКУРОВСКОГО МУНИЦИПАЛЬНОГО РАЙОНА РЕСПУБЛИКИ МОРДОВИЯ</shortName>
      <inn>1313902880</inn>
      <kpp>131301001</kpp>
      <regDate>2009-05-10 00:00:00.0</regDate>
      <okopfName>Муниципальные бюджетные учреждения</okopfName>
      <okopfCode>75403</okopfCode>
      <okfsName>Муниципальная собственность</okfsName>
      <okfsCode>14</okfsCode>
      <postIndex>431590</postIndex>
      <cityType></cityType>
      <cityName></cityName>
      <streetType>УЛИЦА</streetType>
      <streetName>ЦЕНТРАЛЬНАЯ</streetName>
      <house>62</house>
      <oktmoName>с Семилей</oktmoName>
      <oktmoCode>89631465101</oktmoCode>
      <orfkName>Управление Федерального казначейства по Республике Мордовия</orfkName>
      <orfkCode>0900</orfkCode>
      <oksmName></oksmName>
      <oksmCode></oksmCode>
      <location></location>
      <kbkName>Администрация Семилейского сельского поселения Кочкуровского муниципального района Республики Мордовия</kbkName>
      <kbkCode>921</kbkCode>
      <okoguName></okoguName>
      <okoguCode></okoguCode>
      <okpoCode>21658726</okpoCode>
      <orgTypeName>Учреждение</orgTypeName>
      <orgTypeCode>03</orgTypeCode>
      <establishmentKindName>Бюджетное</establishmentKindName>
      <establishmentKindCode>2</establishmentKindCode>
      <legalPersonKindName>Создание юридического лица</legalPersonKindName>
      <legalPersonKindCode>11</legalPersonKindCode>
      <ougvName></ougvName>
      <ougvCode></ougvCode>
      <uoName>Администрация Семилейского сельского поселения Кочкуровского муниципального района Республики Мордовия</uoName>
      <uoCode>893D0009</uoCode>
      <creatorKindName></creatorKindName>
      <creatorKindCode></creatorKindCode>
      <creatorPlaceName></creatorPlaceName>
      <creatorPlaceCode></creatorPlaceCode>
      <founderKindName></founderKindName>
      <founderKindCode></founderKindCode>
      <founderPlaceName>Семилейское сельское поселение Кочкуровского муниципального района Республики Мордовия</founderPlaceName>
      <founderPlaceCode>89631465</founderPlaceCode>
      <budgetLvlName>Бюджет сельского поселения</budgetLvlName>
      <budgetLvlCode>34</budgetLvlCode>
      <budgetName>Бюджет Семилейского сельского поселения Кочкуровского муниципального района Республики Мордовия</budgetName>
      <budgetCode>09031778</budgetCode>
      <statusCode>2</statusCode>
      <statusName>недействующая</statusName>
      <regionType>РЕСПУБЛИКА</regionType>
      <regionName>МОРДОВИЯ</regionName>
      <isOGV>0</isOGV>
      <isObosob>0</isObosob>
      <orgStatus>2</orgStatus>
      <recordNum>896314650334Э2211082</recordNum>
      <parentCode></parentCode>
      <parentName></parentName>
      <okatoCode></okatoCode>
      <okatoName></okatoName>
      <guid>3778D916-C22C-44EA-B729-E8DD21C12BFD</guid>
      <status>1</status>
      <controlNum>0</controlNum>
      <bidNum>1-76-13-000/00015</bidNum>
      <firstRegDate>2015-12-07 17:47:39.0</firstRegDate>
      <firstRegGuid>023dbdcf-8abe-44b2-bd5a-a42b699f7826</firstRegGuid>
      <lastRegGuid>ccf1118a-42f4-459b-a391-fe80ae2bd8c7</lastRegGuid>
      <lastRegDate>2019-12-31 20:16:48.0</lastRegDate>
      <lastRegNum>1-76-13-000/17491</lastRegNum>
      <updateReason>E</updateReason>
      <updateNum>1</updateNum>
      <inclusionDate>2015-12-07 18:16:59.0</inclusionDate>
      <exclusionDate></exclusionDate>
      <pubpCode></pubpCode>
      <rubpCode></rubpCode>
      <nubpCode>Э2211</nubpCode>
      <cpzCode></cpzCode>
      <pgmyCode></pgmyCode>
      <firmName></firmName>
      <kofkCode>0900</kofkCode>
      <nameDocs>МБУК "КДЦ" СЕМИЛЕЙСКОГО СЕЛЬСКОГО ПОСЕЛЕНИЯ КОЧКУРОВСКОГО МУНИЦИПАЛЬНОГО РАЙОНА РЕСПУБЛИКИ МОРДОВИЯ</nameDocs>
      <accMgmt></accMgmt>
      <naibznachuch></naibznachuch>
      <regionCode>13</regionCode>
      <areaCode>1301400000000</areaCode>
      <areaType>РАЙОН</areaType>
      <areaName>КОЧКУРОВСКИЙ</areaName>
      <cityCode></cityCode>
      <localCode>1301400003400</localCode>
      <localName>СЕМИЛЕЙ</localName>
      <localType>СЕЛО</localType>
      <streetCode>13014000034000200</streetCode>
      <building>А</building>
      <apartment></apartment>
      <reformationDocument></reformationDocument>
      <reformationDocumentNum></reformationDocumentNum>
      <reformationDocumentDate></reformationDocumentDate>
      <reformationName></reformationName>
      <reformationCode></reformationCode>
      <reformationStartDate></reformationStartDate>
      <reformationEndDate>2019-10-23 00:00:00.0</reformationEndDate>
      <dateUpdate>2020-01-01 00:00:00.0</dateUpdate>
      <isExcluded>0</isExcluded>
      <isReorg>0</isReorg>
      <startDate>2019-12-31 20:16:49.0</startDate>
      <endDate></endDate>
      <loadDate>2020-01-01 05:01:23.0</loadDate>
      <regionKladrCode>1300000000000</regionKladrCode>
      <egrulnotincluded>false</egrulnotincluded>
      <parentrecordnum></parentrecordnum>
      <planningstructuretype></planningstructuretype>
      <planningstructurename></planningstructurename>
      <contourTypeCode>O</contourTypeCode>
      <specEventCode>2</specEventCode>
      <speceventcodedop1></speceventcodedop1>
      <speceventcodedop2></speceventcodedop2>
      <speceventcodedop3></speceventcodedop3>
      <dsp></dsp>
      <ppotypecode></ppotypecode>
      <ppotypename></ppotypename>
      <isUch>0</isUch>
      <reforfkCode>/epbs/registry/7710568760-TOFK/data?filtercode=0900&amp;filterstatus=ACTIVE&amp;</reforfkCode>
    </info>
    <authorities>
      <authorityCode>893D0009</authorityCode>
      <authorityName>АДМИНИСТРАЦИЯ СЕМИЛЕЙСКОГО СЕЛЬСКОГО ПОСЕЛЕНИЯ КОЧКУРОВСКОГО МУНИЦИПАЛЬНОГО РАЙОНА РЕСПУБЛИКИ МОРДОВИЯ</authorityName>
      <permissions>
        <permissionCode>407</permissionCode>
        <permissionName>Определение перечня особо ценного движимого имущества, закрепленного за бюджетным учреждением учредителем или приобретенного бюджетным учреждением за счет средств, выделенных ему учредителем на приобретение такого имущества</permissionName>
      </permissions>
      <permissions>
        <permissionCode>408</permissionCode>
        <permissionName>Предварительное согласование совершения бюджетным учреждением крупных сделок, соответствующих критериям, установленным в пункте 13 статьи 9.2 Федерального закона "О некоммерческих организациях"</permissionName>
      </permissions>
      <permissions>
        <permissionCode>409</permissionCode>
        <permissionName>Принятие решений об одобрении сделок с участием бюджетного учреждения, в совершении которых имеется заинтересованность, определяемая в соответствии с критериями, установленными в статье 27 Федерального закона "О некоммерческих организациях"</permissionName>
      </permissions>
      <permissions>
        <permissionCode>410</permissionCode>
        <permissionName>Установление порядка определения платы для физических и юридических лиц за услуги (работы), относящиеся к основным видам деятельности бюджетного учреждения, оказываемые им сверх установленного государственного задания, а также в случаях, определенных федеральными законами, в пределах установленного государственного задания</permissionName>
      </permissions>
      <permissions>
        <permissionCode>411</permissionCode>
        <permissionName>Определение порядка составления и утверждения отчета о результатах деятельности бюджетного учреждения и об использовании закрепленного за ним государственного (муниципального) имущества в соответствии с общими требованиями, установленными Министерством финансов Российской Федерации</permissionName>
      </permissions>
      <permissions>
        <permissionCode>412</permissionCode>
        <permissionName>Согласование распоряжения особо ценным движимым имуществом, закрепленным за бюджетным учреждением учредителем либо приобретенным бюджетным учреждением за счет средств, выделенных его учредителем на приобретение такого имущества</permissionName>
      </permissions>
      <permissions>
        <permissionCode>413</permissionCode>
        <permissionName>Согласование распоряжения недвижимым имуществом бюджетного учреждения, в том числе передачи его в аренду по договорам, типовые условия которых утверждаются Министерством экономического развития Российской Федерации, если иное не установлено иными нормативными правовыми актами, принимаемыми в соответствии с федеральными законами</permissionName>
      </permissions>
      <permissions>
        <permissionCode>414</permissionCode>
        <permissionName>Согласование внесения бюджетным учреждением денежных средств (если иное не установлено условиями их предоставления), иного имущества, за исключением особо ценного движимого имущества, а также недвижимого имущества, в уставный (складочный) капитал хозяйственных обществ или передачи им такого имущества иным образом в качестве их учредителя или участника</permissionName>
      </permissions>
      <permissions>
        <permissionCode>415</permissionCode>
        <permissionName>Согласование в случаях, предусмотренных федеральными законами, передачи некоммерческим организациям в качестве их учредителя или участника денежных средств (если иное не установлено условиями их предоставления) и иного имущества, за исключением особо ценного движимого имущества, закрепленного за бюджетным учреждением собственником или приобретенного бюджетным учреждением за счет средств,выделенных ему собственником на приобретение такого имущества, а также недвижимого имущества</permissionName>
      </permissions>
      <permissions>
        <permissionCode>416</permissionCode>
        <permissionName>Осуществление финансового обеспечения выполнения государственного задания бюджетного учреждения</permissionName>
      </permissions>
      <permissions>
        <permissionCode>417</permissionCode>
        <permissionName>Определение порядка составления и утверждения плана финансово-хозяйственной деятельности бюджетного учреждения в соответствии с требованиями, установленными Министерством финансов Российской Федерации</permissionName>
      </permissions>
      <permissions>
        <permissionCode>419</permissionCode>
        <permissionName>Определение предельно допустимого значения просроченной кредиторской задолженности бюджетного учреждения, превышение которого влечет расторжение трудового договора с руководителем бюджетного учреждения по инициативе работодателя в соответствии с Трудовым кодексом Российской Федерации</permissionName>
      </permissions>
      <permissions>
        <permissionCode>420</permissionCode>
        <permissionName>Осуществление контроля деятельности бюджетного учреждения в соответствии с законодательством Российской Федерации</permissionName>
      </permissions>
      <permissions>
        <permissionCode>401</permissionCode>
        <permissionName>Выполнение функций и полномочий учредителя бюджетного учреждения при его создании, реорганизации, изменении типа и ликвидации</permissionName>
      </permissions>
      <permissions>
        <permissionCode>402</permissionCode>
        <permissionName>Утверждение устава бюджетного учреждения, а также вносимых в него изменений</permissionName>
      </permissions>
      <permissions>
        <permissionCode>403</permissionCode>
        <permissionName>Назначение (утверждение) руководителя бюджетного учреждения и прекращение его полномочий</permissionName>
      </permissions>
      <permissions>
        <permissionCode>404</permissionCode>
        <permissionName>Заключение и прекращение трудового договора с руководителем бюджетного учреждения</permissionName>
      </permissions>
      <permissions>
        <permissionCode>405</permissionCode>
        <permissionName>Формирование государственного задания на оказание государственных (муниципальных) услуг (выполнение работ) юридическим и физическим лицам в соответствии с предусмотренными уставом бюджетного учреждения основными видами деятельности</permissionName>
      </permissions>
      <permissions>
        <permissionCode>406</permissionCode>
        <permissionName>Утверждение государственного задания в соответствии с предусмотренными уставом бюджетного учреждения основными видами деятельности</permissionName>
      </permissions>
      <permissions>
        <permissionCode>421</permissionCode>
        <permissionName>Осуществление иных функций и полномочий учредителя бюджетного учреждения, установленных федеральными законами и нормативными правовыми актами Президента Российской Федерации, Правительства Российской Федерации, субъекта Российской Федерации, правовыми актами муниципального образования</permissionName>
      </permissions>
    </authorities>
    <activities>
      <activityCode>91.01</activityCode>
      <activityName>Деятельность библиотек и архивов</activityName>
      <activityKind>основной</activityKind>
    </activities>
    <heads>
      <fio>ЛАШМАНКИНА ДАРЬЯ АНАТОЛЬЕВНА</fio>
      <post>ДИРЕКТОР</post>
      <docName></docName>
      <docNum></docNum>
      <docDate></docDate>
      <headMain>false</headMain>
    </heads>
    <facialAccounts>
      <kindName>лс БУ</kindName>
      <kindCode>20</kindCode>
      <num>20096Э22110</num>
      <createDate>2015-05-15 00:00:00.0</createDate>
      <closeDate></closeDate>
      <status>открыт</status>
      <openUfkCode>0900</openUfkCode>
      <openUfkName>Управление Федерального казначейства по Республике Мордовия</openUfkName>
      <openTofkName>00109119</openTofkName>
      <srvUfkCode>0918</srvUfkCode>
      <srvUfkName>Отдел № 18 Управления Федерального казначейства по Республике Мордовия</srvUfkName>
      <accountorgcode></accountorgcode>
      <accountorgfullname></accountorgfullname>
      <ppocode></ppocode>
      <pponame></pponame>
      <refopenUfkCode>/epbs/registry/7710568760-TOFK/data?filtercode=00109119&amp;filterstatus=ACTIVE&amp;</refopenUfkCode>
      <refsrvUfkCode>/epbs/registry/7710568760-TOFK/data?filtercode=-&amp;filterstatus=ACTIVE&amp;</refsrvUfkCode>
    </facialAccounts>
    <facialAccounts>
      <kindName>отдельный лс БУ</kindName>
      <kindCode>21</kindCode>
      <num>21096Э22110</num>
      <createDate>2015-05-15 00:00:00.0</createDate>
      <closeDate></closeDate>
      <status>открыт</status>
      <openUfkCode>0900</openUfkCode>
      <openUfkName>Управление Федерального казначейства по Республике Мордовия</openUfkName>
      <openTofkName>00109119</openTofkName>
      <srvUfkCode>0918</srvUfkCode>
      <srvUfkName>Отдел № 18 Управления Федерального казначейства по Республике Мордовия</srvUfkName>
      <accountorgcode></accountorgcode>
      <accountorgfullname></accountorgfullname>
      <ppocode></ppocode>
      <pponame></pponame>
      <refopenUfkCode>/epbs/registry/7710568760-TOFK/data?filtercode=00109119&amp;filterstatus=ACTIVE&amp;</refopenUfkCode>
      <refsrvUfkCode>/epbs/registry/7710568760-TOFK/data?filtercode=-&amp;filterstatus=ACTIVE&amp;</refsrvUfkCode>
    </facialAccounts>
    <nonParticipantPermissions>
      <name>НУБП</name>
      <registryNum>Э2211</registryNum>
      <code>303</code>
      <startDate>2016-11-22 00:00:00.0</startDate>
      <endDate></endDate>
      <authBudgName>Бюджет Семилейского сельского поселения Кочкуровского муниципального района Республики Мордовия</authBudgName>
      <authBudgCode>09031778</authBudgCode>
      <authPPOName></authPPOName>
      <authPPOCode></authPPOCode>
      <authKBKGlavaName>Администрация Семилейского сельского поселения Кочкуровского муниципального района Республики Мордовия</authKBKGlavaName>
      <authKBKGlavaCode>921</authKBKGlavaCode>
    </nonParticipantPermissions>
    <procurementPermissions>
      <name>Заказчик</name>
      <code>201</code>
      <startDate>2016-06-20 00:00:00.0</startDate>
      <endDate></endDate>
    </procurementPermissions>
    <contacts>
      <phone>8343927755__________</phone>
      <site>http://</site>
      <mail></mail>
    </contacts>
  </data>
  <data>
    <id>3489138</id>
    <info>
      <regNum>D0110</regNum>
      <code>001D0110</code>
      <divisionParentName></divisionParentName>
      <divisionParentCode></divisionParentCode>
      <ogrn>1152540005243</ogrn>
      <fullName>ТИХООКЕАНСКОЕ МОРСКОЕ УПРАВЛЕНИЕ ФЕДЕРАЛЬНОЙ СЛУЖБЫ ПО НАДЗОРУ В СФЕРЕ ПРИРОДОПОЛЬЗОВАНИЯ</fullName>
      <shortName>ТИХООКЕАНСКОЕ МОРСКОЕ УПРАВЛЕНИЕ РОСПРИРОДНАДЗОРА</shortName>
      <inn>2540212927</inn>
      <kpp>253601001</kpp>
      <regDate>2016-01-22 00:00:00.0</regDate>
      <okopfName>Федеральные государственные казенные учреждения</okopfName>
      <okopfCode>75104</okopfCode>
      <okfsName>Федеральная собственность</okfsName>
      <okfsCode>12</okfsCode>
      <postIndex>690091</postIndex>
      <cityType>ГОРОД</cityType>
      <cityName>ВЛАДИВОСТОК</cityName>
      <streetType>УЛИЦА</streetType>
      <streetName>АДМИРАЛА ФОКИНА</streetName>
      <house>ДОМ 24</house>
      <oktmoName>г Владивосток</oktmoName>
      <oktmoCode>05701000001</oktmoCode>
      <orfkName>Управление Федерального казначейства по Приморскому краю</orfkName>
      <orfkCode>2000</orfkCode>
      <oksmName></oksmName>
      <oksmCode></oksmCode>
      <location></location>
      <kbkName>Федеральная служба по надзору в сфере природопользования</kbkName>
      <kbkCode>048</kbkCode>
      <okoguName>Федеральная служба по надзору в сфере природопользования</okoguName>
      <okoguCode>1323020</okoguCode>
      <okpoCode>36777158</okpoCode>
      <orgTypeName>Федеральный орган государственной власти, федеральный государственный орган, орган государственной власти субъекта Российской Федерации, государственный орган субъекта Российской Федерации, орган местного самоуправления, в том числе его территориальные органы</orgTypeName>
      <orgTypeCode>01</orgTypeCode>
      <establishmentKindName></establishmentKindName>
      <establishmentKindCode></establishmentKindCode>
      <legalPersonKindName>Создание юридического лица</legalPersonKindName>
      <legalPersonKindCode>11</legalPersonKindCode>
      <ougvName>Организация не является финансовым органом публично-правового образования, органом управления государственными внебюджетным фондом</ougvName>
      <ougvCode>2</ougvCode>
      <uoName>Федеральная служба по надзору в сфере природопользования</uoName>
      <uoCode>00100048</uoCode>
      <creatorKindName></creatorKindName>
      <creatorKindCode></creatorKindCode>
      <creatorPlaceName>Российская Федерация</creatorPlaceName>
      <creatorPlaceCode>00000000</creatorPlaceCode>
      <founderKindName></founderKindName>
      <founderKindCode></founderKindCode>
      <founderPlaceName></founderPlaceName>
      <founderPlaceCode></founderPlaceCode>
      <budgetLvlName>Федеральный бюджет</budgetLvlName>
      <budgetLvlCode>10</budgetLvlCode>
      <budgetName>Федеральный бюджет</budgetName>
      <budgetCode>99010001</budgetCode>
      <statusCode>2</statusCode>
      <statusName>недействующая</statusName>
      <regionType>КРАЙ</regionType>
      <regionName>ПРИМОРСКИЙ</regionName>
      <isOGV>1</isOGV>
      <isObosob>0</isObosob>
      <orgStatus>2</orgStatus>
      <recordNum>000000000110D0110002</recordNum>
      <parentCode>00100048</parentCode>
      <parentName>ФЕДЕРАЛЬНАЯ СЛУЖБА ПО НАДЗОРУ В СФЕРЕ ПРИРОДОПОЛЬЗОВАНИЯ</parentName>
      <okatoCode></okatoCode>
      <okatoName></okatoName>
      <guid>24585A0E-43B3-4A46-9594-2FB777BB5C5D</guid>
      <status>1</status>
      <controlNum>0</controlNum>
      <bidNum>1-76-00-048/00737</bidNum>
      <firstRegDate>2015-10-30 17:34:01.0</firstRegDate>
      <firstRegGuid>605bf1ea-3dbf-4729-9c05-3d3781e0e030</firstRegGuid>
      <lastRegGuid>a00dcd7a-f36b-4605-acf8-a6e9f25393ed</lastRegGuid>
      <lastRegDate>2020-01-03 19:11:48.0</lastRegDate>
      <lastRegNum>1-76-00-048/288730</lastRegNum>
      <updateReason>E</updateReason>
      <updateNum>1</updateNum>
      <inclusionDate>2015-11-02 10:30:10.0</inclusionDate>
      <exclusionDate></exclusionDate>
      <pubpCode></pubpCode>
      <rubpCode>D0110</rubpCode>
      <nubpCode></nubpCode>
      <cpzCode></cpzCode>
      <pgmyCode></pgmyCode>
      <firmName></firmName>
      <kofkCode>2000</kofkCode>
      <nameDocs>ТИХООКЕАНСКОЕ МОРСКОЕ УПРАВЛЕНИЕ РОСПРИРОДНАДЗОРА</nameDocs>
      <accMgmt></accMgmt>
      <naibznachuch></naibznachuch>
      <regionCode>25</regionCode>
      <areaCode></areaCode>
      <areaType></areaType>
      <areaName></areaName>
      <cityCode>2500000100000</cityCode>
      <localCode></localCode>
      <localName></localName>
      <localType></localType>
      <streetCode>25000001000058900</streetCode>
      <building></building>
      <apartment></apartment>
      <reformationDocument>Приказ Росприроднадзора № 276 от 10.06.2019  "О Дальневосточном межрегиональном управлении Федеральной службы по надзору в сфере природопользования"</reformationDocument>
      <reformationDocumentNum>276</reformationDocumentNum>
      <reformationDocumentDate>2019-06-10 00:00:00.0</reformationDocumentDate>
      <reformationName></reformationName>
      <reformationCode></reformationCode>
      <reformationStartDate>2019-06-26 00:00:00.0</reformationStartDate>
      <reformationEndDate>2019-10-09 00:00:00.0</reformationEndDate>
      <dateUpdate>2020-01-04 00:00:00.0</dateUpdate>
      <isExcluded>0</isExcluded>
      <isReorg>0</isReorg>
      <startDate>2020-01-03 19:11:48.0</startDate>
      <endDate></endDate>
      <loadDate>2020-01-04 05:01:12.0</loadDate>
      <regionKladrCode>2500000000000</regionKladrCode>
      <egrulnotincluded>false</egrulnotincluded>
      <parentrecordnum></parentrecordnum>
      <planningstructuretype></planningstructuretype>
      <planningstructurename></planningstructurename>
      <contourTypeCode>O</contourTypeCode>
      <specEventCode>2</specEventCode>
      <speceventcodedop1></speceventcodedop1>
      <speceventcodedop2></speceventcodedop2>
      <speceventcodedop3></speceventcodedop3>
      <dsp></dsp>
      <ppotypecode></ppotypecode>
      <ppotypename></ppotypename>
      <isUch></isUch>
      <reforfkCode>/epbs/registry/7710568760-TOFK/data?filtercode=2000&amp;filterstatus=ACTIVE&amp;</reforfkCode>
    </info>
    <activities>
      <activityCode>84.11.12</activityCode>
      <activityName>Деятельность полномочных представителей Президента Российской Федерации в регионах Российской Федерации и территориальных органов федеральных органов исполнительной власти в субъектах Российской Федерации (республиках, краях, областях)</activityName>
      <activityKind>основной</activityKind>
    </activities>
    <heads>
      <fio>СОНИН ВАДИМ ВИКТОРОВИЧ</fio>
      <post>ИСПОЛНЯЮЩИЙ ОБЯЗАННОСТИ РУКОВОДИТЕЛЯ</post>
      <docName></docName>
      <docNum></docNum>
      <docDate></docDate>
      <headMain>false</headMain>
    </heads>
    <facialAccounts>
      <kindName>лс ПБС</kindName>
      <kindCode>03</kindCode>
      <num>03201D01100</num>
      <createDate>2015-11-13 00:00:00.0</createDate>
      <closeDate>2019-10-31 00:00:00.0</closeDate>
      <status>закрыт</status>
      <openUfkCode>2000</openUfkCode>
      <openUfkName>Управление Федерального казначейства по Приморскому краю</openUfkName>
      <openTofkName>00142487</openTofkName>
      <srvUfkCode>2031</srvUfkCode>
      <srvUfkName>Отдел № 1 Управления Федерального казначейства по Приморскому краю</srvUfkName>
      <accountorgcode></accountorgcode>
      <accountorgfullname></accountorgfullname>
      <ppocode></ppocode>
      <pponame></pponame>
      <refopenUfkCode>/epbs/registry/7710568760-TOFK/data?filtercode=00142487&amp;filterstatus=ACTIVE&amp;</refopenUfkCode>
      <refsrvUfkCode>/epbs/registry/7710568760-TOFK/data?filtercode=-&amp;filterstatus=ACTIVE&amp;</refsrvUfkCode>
    </facialAccounts>
    <facialAccounts>
      <kindName>лс АДБ</kindName>
      <kindCode>04</kindCode>
      <num>04201D01100</num>
      <createDate>2016-03-15 00:00:00.0</createDate>
      <closeDate>2019-12-09 00:00:00.0</closeDate>
      <status>закрыт</status>
      <openUfkCode>2000</openUfkCode>
      <openUfkName>Управление Федерального казначейства по Приморскому краю</openUfkName>
      <openTofkName>00142487</openTofkName>
      <srvUfkCode>2000</srvUfkCode>
      <srvUfkName>Управление Федерального казначейства по Приморскому краю</srvUfkName>
      <accountorgcode></accountorgcode>
      <accountorgfullname></accountorgfullname>
      <ppocode></ppocode>
      <pponame></pponame>
      <refopenUfkCode>/epbs/registry/7710568760-TOFK/data?filtercode=00142487&amp;filterstatus=ACTIVE&amp;</refopenUfkCode>
      <refsrvUfkCode>/epbs/registry/7710568760-TOFK/data?filtercode=-&amp;filterstatus=ACTIVE&amp;</refsrvUfkCode>
    </facialAccounts>
    <facialAccounts>
      <kindName>лс АДБ</kindName>
      <kindCode>04</kindCode>
      <num>04611D01100</num>
      <createDate>2016-05-12 00:00:00.0</createDate>
      <closeDate></closeDate>
      <status>открыт</status>
      <openUfkCode>6100</openUfkCode>
      <openUfkName>Управление Федерального казначейства по Сахалинской области</openUfkName>
      <openTofkName>00125277</openTofkName>
      <srvUfkCode>6100</srvUfkCode>
      <srvUfkName>Управление Федерального казначейства по Сахалинской области</srvUfkName>
      <accountorgcode></accountorgcode>
      <accountorgfullname></accountorgfullname>
      <ppocode></ppocode>
      <pponame></pponame>
      <refopenUfkCode>/epbs/registry/7710568760-TOFK/data?filtercode=00125277&amp;filterstatus=ACTIVE&amp;</refopenUfkCode>
      <refsrvUfkCode>/epbs/registry/7710568760-TOFK/data?filtercode=-&amp;filterstatus=ACTIVE&amp;</refsrvUfkCode>
    </facialAccounts>
    <facialAccounts>
      <kindName>лс для учета операций со СВР</kindName>
      <kindCode>05</kindCode>
      <num>05201D01100</num>
      <createDate>2015-11-13 00:00:00.0</createDate>
      <closeDate>2019-10-31 00:00:00.0</closeDate>
      <status>закрыт</status>
      <openUfkCode>2000</openUfkCode>
      <openUfkName>Управление Федерального казначейства по Приморскому краю</openUfkName>
      <openTofkName>00142487</openTofkName>
      <srvUfkCode>2031</srvUfkCode>
      <srvUfkName>Отдел № 1 Управления Федерального казначейства по Приморскому краю</srvUfkName>
      <accountorgcode></accountorgcode>
      <accountorgfullname></accountorgfullname>
      <ppocode></ppocode>
      <pponame></pponame>
      <refopenUfkCode>/epbs/registry/7710568760-TOFK/data?filtercode=00142487&amp;filterstatus=ACTIVE&amp;</refopenUfkCode>
      <refsrvUfkCode>/epbs/registry/7710568760-TOFK/data?filtercode=-&amp;filterstatus=ACTIVE&amp;</refsrvUfkCode>
    </facialAccounts>
    <participantPermissions>
      <name>Получателя бюджетных средств</name>
      <code>103</code>
      <startDate>2016-02-25 00:00:00.0</startDate>
      <endDate></endDate>
    </participantPermissions>
    <participantPermissions>
      <name>Администратора доходов бюджета</name>
      <code>107</code>
      <startDate>2016-02-25 00:00:00.0</startDate>
      <endDate></endDate>
    </participantPermissions>
    <participantPermissions>
      <name>Получателя бюджетных средств, осуществляющего операции со средствами во временном распоряжении</name>
      <code>114</code>
      <startDate>2016-02-25 00:00:00.0</startDate>
      <endDate></endDate>
    </participantPermissions>
    <procurementPermissions>
      <name>Заказчик</name>
      <code>201</code>
      <startDate>2016-06-23 00:00:00.0</startDate>
      <endDate></endDate>
    </procurementPermissions>
    <contacts>
      <phone>4232407062__________</phone>
      <site>http://kpr.vladivostok.ru</site>
      <mail>tmu@kpr.vladivostok.ru</mail>
    </contacts>
  </data>
  <data>
    <id>3489140</id>
    <info>
      <regNum>06346</regNum>
      <code>57306346</code>
      <divisionParentName></divisionParentName>
      <divisionParentCode></divisionParentCode>
      <ogrn>1025902548100</ogrn>
      <fullName>МУНИЦИПАЛЬНОЕ БЮДЖЕТНОЕ ОБЩЕОБРАЗОВАТЕЛЬНОЕ УЧРЕЖДЕНИЕ "БЕДРЯЖИНСКАЯ ОСНОВНАЯ ОБЩЕОБРАЗОВАТЕЛЬНАЯ ШКОЛА"</fullName>
      <shortName>МБОУ "БЕДРЯЖИНСКАЯ ОСНОВНАЯ ОБЩЕОБРАЗОВАТЕЛЬНАЯ ШКОЛА"</shortName>
      <inn>5957006312</inn>
      <kpp>595701001</kpp>
      <regDate>2018-06-09 00:00:00.0</regDate>
      <okopfName>Муниципальные бюджетные учреждения</okopfName>
      <okopfCode>75403</okopfCode>
      <okfsName>Муниципальная собственность</okfsName>
      <okfsCode>14</okfsCode>
      <postIndex>617816</postIndex>
      <cityType></cityType>
      <cityName></cityName>
      <streetType>УЛИЦА</streetType>
      <streetName>ЦЕНТРАЛЬНАЯ</streetName>
      <house>91</house>
      <oktmoName>с Бедряж</oktmoName>
      <oktmoCode>57657410101</oktmoCode>
      <orfkName>Управление Федерального казначейства по Пермскому краю</orfkName>
      <orfkCode>5600</orfkCode>
      <oksmName></oksmName>
      <oksmCode></oksmCode>
      <location></location>
      <kbkName>Управление образования администрации Чернушинского муниципального района</kbkName>
      <kbkCode>927</kbkCode>
      <okoguName></okoguName>
      <okoguCode></okoguCode>
      <okpoCode>50273401</okpoCode>
      <orgTypeName>Учреждение</orgTypeName>
      <orgTypeCode>03</orgTypeCode>
      <establishmentKindName>Бюджетное</establishmentKindName>
      <establishmentKindCode>2</establishmentKindCode>
      <legalPersonKindName>Создание юридического лица до 01.07.2002</legalPersonKindName>
      <legalPersonKindCode>01</legalPersonKindCode>
      <ougvName></ougvName>
      <ougvCode></ougvCode>
      <uoName>Управление финансов администрации Чернушинского муниципального района</uoName>
      <uoCode>57301282</uoCode>
      <creatorKindName></creatorKindName>
      <creatorKindCode></creatorKindCode>
      <creatorPlaceName></creatorPlaceName>
      <creatorPlaceCode></creatorPlaceCode>
      <founderKindName></founderKindName>
      <founderKindCode></founderKindCode>
      <founderPlaceName>Чернушинский муниципальный район</founderPlaceName>
      <founderPlaceCode>57657000</founderPlaceCode>
      <budgetLvlName>Бюджет муниципального района</budgetLvlName>
      <budgetLvlCode>32</budgetLvlCode>
      <budgetName>Бюджет Чернушинского муниципального района</budgetName>
      <budgetCode>56030124</budgetCode>
      <statusCode>2</statusCode>
      <statusName>недействующая</statusName>
      <regionType>КРАЙ</regionType>
      <regionName>ПЕРМСКИЙ</regionName>
      <isOGV>0</isOGV>
      <isObosob>0</isObosob>
      <orgStatus>2</orgStatus>
      <recordNum>57657000033206346032</recordNum>
      <parentCode></parentCode>
      <parentName></parentName>
      <okatoCode></okatoCode>
      <okatoName></okatoName>
      <guid>466C213C-DDFF-4C01-B2B7-132932EA0750</guid>
      <status>1</status>
      <controlNum>0</controlNum>
      <bidNum>1-76-59-000/00050</bidNum>
      <firstRegDate>2015-11-26 09:51:39.0</firstRegDate>
      <firstRegGuid>b7408bb0-4f56-44e8-bdf7-cb7ddd33b7a2</firstRegGuid>
      <lastRegGuid>3467428e-7be0-4ad6-bc0c-35a06ee01f04</lastRegGuid>
      <lastRegDate>2020-01-03 19:27:56.0</lastRegDate>
      <lastRegNum>1-76-59-000/63257</lastRegNum>
      <updateReason>E</updateReason>
      <updateNum>1</updateNum>
      <inclusionDate>2015-11-26 13:43:49.0</inclusionDate>
      <exclusionDate></exclusionDate>
      <pubpCode></pubpCode>
      <rubpCode></rubpCode>
      <nubpCode>06346</nubpCode>
      <cpzCode>03563000738</cpzCode>
      <pgmyCode></pgmyCode>
      <firmName></firmName>
      <kofkCode>5600</kofkCode>
      <nameDocs>МБОУ "БЕДРЯЖИНСКАЯ ОСНОВНАЯ ОБЩЕОБРАЗОВАТЕЛЬНАЯ ШКОЛА"</nameDocs>
      <accMgmt></accMgmt>
      <naibznachuch></naibznachuch>
      <regionCode>59</regionCode>
      <areaCode>5902800000000</areaCode>
      <areaType>РАЙОН</areaType>
      <areaName>ЧЕРНУШИНСКИЙ</areaName>
      <cityCode></cityCode>
      <localCode>5902800000300</localCode>
      <localName>БЕДРЯЖ</localName>
      <localType>СЕЛО</localType>
      <streetCode>59028000003000300</streetCode>
      <building></building>
      <apartment></apartment>
      <reformationDocument></reformationDocument>
      <reformationDocumentNum></reformationDocumentNum>
      <reformationDocumentDate></reformationDocumentDate>
      <reformationName></reformationName>
      <reformationCode></reformationCode>
      <reformationStartDate></reformationStartDate>
      <reformationEndDate>2019-12-31 00:00:00.0</reformationEndDate>
      <dateUpdate>2020-01-04 00:00:00.0</dateUpdate>
      <isExcluded>0</isExcluded>
      <isReorg>0</isReorg>
      <startDate>2020-01-03 19:27:57.0</startDate>
      <endDate></endDate>
      <loadDate>2020-01-04 05:01:12.0</loadDate>
      <regionKladrCode>5900000000000</regionKladrCode>
      <egrulnotincluded>false</egrulnotincluded>
      <parentrecordnum></parentrecordnum>
      <planningstructuretype></planningstructuretype>
      <planningstructurename></planningstructurename>
      <contourTypeCode>O</contourTypeCode>
      <specEventCode>2</specEventCode>
      <speceventcodedop1></speceventcodedop1>
      <speceventcodedop2></speceventcodedop2>
      <speceventcodedop3></speceventcodedop3>
      <dsp></dsp>
      <ppotypecode></ppotypecode>
      <ppotypename></ppotypename>
      <isUch>0</isUch>
      <reforfkCode>/epbs/registry/7710568760-TOFK/data?filtercode=5600&amp;filterstatus=ACTIVE&amp;</reforfkCode>
    </info>
    <authorities>
      <authorityCode>57301289</authorityCode>
      <authorityName>УПРАВЛЕНИЕ ОБРАЗОВАНИЯ АДМИНИСТРАЦИИ ЧЕРНУШИНСКОГО МУНИЦИПАЛЬНОГО РАЙОНА</authorityName>
      <permissions>
        <permissionCode>401</permissionCode>
        <permissionName>Выполнение функций и полномочий учредителя бюджетного учреждения при его создании, реорганизации, изменении типа и ликвидации</permissionName>
      </permissions>
      <permissions>
        <permissionCode>402</permissionCode>
        <permissionName>Утверждение устава бюджетного учреждения, а также вносимых в него изменений</permissionName>
      </permissions>
      <permissions>
        <permissionCode>403</permissionCode>
        <permissionName>Назначение (утверждение) руководителя бюджетного учреждения и прекращение его полномочий</permissionName>
      </permissions>
      <permissions>
        <permissionCode>404</permissionCode>
        <permissionName>Заключение и прекращение трудового договора с руководителем бюджетного учреждения</permissionName>
      </permissions>
      <permissions>
        <permissionCode>405</permissionCode>
        <permissionName>Формирование государственного задания на оказание государственных (муниципальных) услуг (выполнение работ) юридическим и физическим лицам в соответствии с предусмотренными уставом бюджетного учреждения основными видами деятельности</permissionName>
      </permissions>
      <permissions>
        <permissionCode>406</permissionCode>
        <permissionName>Утверждение государственного задания в соответствии с предусмотренными уставом бюджетного учреждения основными видами деятельности</permissionName>
      </permissions>
      <permissions>
        <permissionCode>407</permissionCode>
        <permissionName>Определение перечня особо ценного движимого имущества, закрепленного за бюджетным учреждением учредителем или приобретенного бюджетным учреждением за счет средств, выделенных ему учредителем на приобретение такого имущества</permissionName>
      </permissions>
      <permissions>
        <permissionCode>408</permissionCode>
        <permissionName>Предварительное согласование совершения бюджетным учреждением крупных сделок, соответствующих критериям, установленным в пункте 13 статьи 9.2 Федерального закона "О некоммерческих организациях"</permissionName>
      </permissions>
      <permissions>
        <permissionCode>409</permissionCode>
        <permissionName>Принятие решений об одобрении сделок с участием бюджетного учреждения, в совершении которых имеется заинтересованность, определяемая в соответствии с критериями, установленными в статье 27 Федерального закона "О некоммерческих организациях"</permissionName>
      </permissions>
      <permissions>
        <permissionCode>410</permissionCode>
        <permissionName>Установление порядка определения платы для физических и юридических лиц за услуги (работы), относящиеся к основным видам деятельности бюджетного учреждения, оказываемые им сверх установленного государственного задания, а также в случаях, определенных федеральными законами, в пределах установленного государственного задания</permissionName>
      </permissions>
      <permissions>
        <permissionCode>416</permissionCode>
        <permissionName>Осуществление финансового обеспечения выполнения государственного задания бюджетного учреждения</permissionName>
      </permissions>
      <permissions>
        <permissionCode>417</permissionCode>
        <permissionName>Определение порядка составления и утверждения плана финансово-хозяйственной деятельности бюджетного учреждения в соответствии с требованиями, установленными Министерством финансов Российской Федерации</permissionName>
      </permissions>
      <permissions>
        <permissionCode>419</permissionCode>
        <permissionName>Определение предельно допустимого значения просроченной кредиторской задолженности бюджетного учреждения, превышение которого влечет расторжение трудового договора с руководителем бюджетного учреждения по инициативе работодателя в соответствии с Трудовым кодексом Российской Федерации</permissionName>
      </permissions>
      <permissions>
        <permissionCode>420</permissionCode>
        <permissionName>Осуществление контроля деятельности бюджетного учреждения в соответствии с законодательством Российской Федерации</permissionName>
      </permissions>
      <permissions>
        <permissionCode>421</permissionCode>
        <permissionName>Осуществление иных функций и полномочий учредителя бюджетного учреждения, установленных федеральными законами и нормативными правовыми актами Президента Российской Федерации, Правительства Российской Федерации, субъекта Российской Федерации, правовыми актами муниципального образования</permissionName>
      </permissions>
      <permissions>
        <permissionCode>411</permissionCode>
        <permissionName>Определение порядка составления и утверждения отчета о результатах деятельности бюджетного учреждения и об использовании закрепленного за ним государственного (муниципального) имущества в соответствии с общими требованиями, установленными Министерством финансов Российской Федерации</permissionName>
      </permissions>
      <permissions>
        <permissionCode>412</permissionCode>
        <permissionName>Согласование распоряжения особо ценным движимым имуществом, закрепленным за бюджетным учреждением учредителем либо приобретенным бюджетным учреждением за счет средств, выделенных его учредителем на приобретение такого имущества</permissionName>
      </permissions>
      <permissions>
        <permissionCode>413</permissionCode>
        <permissionName>Согласование распоряжения недвижимым имуществом бюджетного учреждения, в том числе передачи его в аренду по договорам, типовые условия которых утверждаются Министерством экономического развития Российской Федерации, если иное не установлено иными нормативными правовыми актами, принимаемыми в соответствии с федеральными законами</permissionName>
      </permissions>
      <permissions>
        <permissionCode>414</permissionCode>
        <permissionName>Согласование внесения бюджетным учреждением денежных средств (если иное не установлено условиями их предоставления), иного имущества, за исключением особо ценного движимого имущества, а также недвижимого имущества, в уставный (складочный) капитал хозяйственных обществ или передачи им такого имущества иным образом в качестве их учредителя или участника</permissionName>
      </permissions>
      <permissions>
        <permissionCode>415</permissionCode>
        <permissionName>Согласование в случаях, предусмотренных федеральными законами, передачи некоммерческим организациям в качестве их учредителя или участника денежных средств (если иное не установлено условиями их предоставления) и иного имущества, за исключением особо ценного движимого имущества, закрепленного за бюджетным учреждением собственником или приобретенного бюджетным учреждением за счет средств,выделенных ему собственником на приобретение такого имущества, а также недвижимого имущества</permissionName>
      </permissions>
    </authorities>
    <activities>
      <activityCode>85.13</activityCode>
      <activityName>Образование основное общее</activityName>
      <activityKind>основной</activityKind>
    </activities>
    <activities>
      <activityCode>85.14</activityCode>
      <activityName>Образование среднее общее</activityName>
      <activityKind>иной</activityKind>
    </activities>
    <heads>
      <fio>ПАРШАКОВА ЛЮБОВЬ ВИКТОРОВНА</fio>
      <post>ДИРЕКТОР</post>
      <docName></docName>
      <docNum></docNum>
      <docDate></docDate>
      <headMain>false</headMain>
    </heads>
    <successions>
      <parentName>МУНИЦИПАЛЬНОЕ БЮДЖЕТНОЕ ДОШКОЛЬНОЕ ОБРАЗОВАТЕЛЬНОЕ УЧРЕЖДЕНИЕ "БЕДРЯЖИНСКИЙ ДЕТСКИЙ САД"</parentName>
      <parentCode>-</parentCode>
      <ogrn>1025902547880</ogrn>
      <docname></docname>
      <numberdoc></numberdoc>
      <documentdate></documentdate>
      <datasource>1</datasource>
    </successions>
    <successions>
      <parentName>МУНИЦИПАЛЬНОЕ ОБРАЗОВАТЕЛЬНОЕ УЧРЕЖДЕНИЕ ДЛЯ ДЕТЕЙ ДОШКОЛЬНОГО И МЛАДШЕГО ШКОЛЬНОГО ВОЗРАСТА "КАМЕННО-КЛЮЧЕВСКАЯ НАЧАЛЬНАЯ ШКОЛА-ДЕТСКИЙ САД"</parentName>
      <parentCode>-</parentCode>
      <ogrn>1025902547989</ogrn>
      <docname></docname>
      <numberdoc></numberdoc>
      <documentdate></documentdate>
      <datasource>1</datasource>
    </successions>
    <foAccounts>
      <foName>УПРАВЛЕНИЕ ФИНАНСОВ АДМИНИСТРАЦИИ ЧЕРНУШИНСКОГО МУНИЦИПАЛЬНОГО РАЙОНА</foName>
      <foCode>57301282</foCode>
      <accountTypeName>14</accountTypeName>
      <num>149270049</num>
    </foAccounts>
    <foAccounts>
      <foName>УПРАВЛЕНИЕ ФИНАНСОВ АДМИНИСТРАЦИИ ЧЕРНУШИНСКОГО МУНИЦИПАЛЬНОГО РАЙОНА</foName>
      <foCode>57301282</foCode>
      <accountTypeName>20</accountTypeName>
      <num>209270049</num>
    </foAccounts>
    <foAccounts>
      <foName>УПРАВЛЕНИЕ ФИНАНСОВ АДМИНИСТРАЦИИ ЧЕРНУШИНСКОГО МУНИЦИПАЛЬНОГО РАЙОНА</foName>
      <foCode>57301282</foCode>
      <accountTypeName>21</accountTypeName>
      <num>219270049</num>
    </foAccounts>
    <nonParticipantPermissions>
      <name>НУБП</name>
      <registryNum>06346</registryNum>
      <code>303</code>
      <startDate>2016-12-23 00:00:00.0</startDate>
      <endDate></endDate>
      <authBudgName>Бюджет Чернушинского муниципального района</authBudgName>
      <authBudgCode>56030124</authBudgCode>
      <authPPOName></authPPOName>
      <authPPOCode></authPPOCode>
      <authKBKGlavaName>Управление образования администрации Чернушинского муниципального района</authKBKGlavaName>
      <authKBKGlavaCode>927</authKBKGlavaCode>
    </nonParticipantPermissions>
    <procurementPermissions>
      <name>Заказчик</name>
      <code>201</code>
      <startDate>2016-06-24 00:00:00.0</startDate>
      <endDate></endDate>
    </procurementPermissions>
    <contacts>
      <phone>34261264423426146163</phone>
      <site>http://59311s012.edusite.ru</site>
      <mail>Bedr5@yandex.ru</mail>
    </contacts>
  </data>
  <data>
    <id>3489143</id>
    <info>
      <regNum>06335</regNum>
      <code>57306335</code>
      <divisionParentName></divisionParentName>
      <divisionParentCode></divisionParentCode>
      <ogrn>1025902545404</ogrn>
      <fullName>МУНИЦИПАЛЬНОЕ БЮДЖЕТНОЕ ОБЩЕОБРАЗОВАТЕЛЬНОЕ УЧРЕЖДЕНИЕ "ТАУШИНСКАЯ ОСНОВНАЯ ОБЩЕОБРАЗОВАТЕЛЬНАЯ ШКОЛА"</fullName>
      <shortName>МБОУ "ТАУШИНСКАЯ ОСНОВНАЯ ОБЩЕОБРАЗОВАТЕЛЬНАЯ ШКОЛА"</shortName>
      <inn>5957004058</inn>
      <kpp>595701001</kpp>
      <regDate>2018-06-09 00:00:00.0</regDate>
      <okopfName>Муниципальные бюджетные учреждения</okopfName>
      <okopfCode>75403</okopfCode>
      <okfsName>Муниципальная собственность</okfsName>
      <okfsCode>14</okfsCode>
      <postIndex>617826</postIndex>
      <cityType></cityType>
      <cityName></cityName>
      <streetType>УЛИЦА</streetType>
      <streetName>ИВАНОВА</streetName>
      <house>15</house>
      <oktmoName>с Тауш</oktmoName>
      <oktmoCode>57657443101</oktmoCode>
      <orfkName>Управление Федерального казначейства по Пермскому краю</orfkName>
      <orfkCode>5600</orfkCode>
      <oksmName></oksmName>
      <oksmCode></oksmCode>
      <location></location>
      <kbkName>Управление образования администрации Чернушинского муниципального района</kbkName>
      <kbkCode>927</kbkCode>
      <okoguName></okoguName>
      <okoguCode></okoguCode>
      <okpoCode>35195075</okpoCode>
      <orgTypeName>Учреждение</orgTypeName>
      <orgTypeCode>03</orgTypeCode>
      <establishmentKindName>Бюджетное</establishmentKindName>
      <establishmentKindCode>2</establishmentKindCode>
      <legalPersonKindName>Создание юридического лица до 01.07.2002</legalPersonKindName>
      <legalPersonKindCode>01</legalPersonKindCode>
      <ougvName></ougvName>
      <ougvCode></ougvCode>
      <uoName>Управление финансов администрации Чернушинского муниципального района</uoName>
      <uoCode>57301282</uoCode>
      <creatorKindName></creatorKindName>
      <creatorKindCode></creatorKindCode>
      <creatorPlaceName></creatorPlaceName>
      <creatorPlaceCode></creatorPlaceCode>
      <founderKindName></founderKindName>
      <founderKindCode></founderKindCode>
      <founderPlaceName>Чернушинский муниципальный район</founderPlaceName>
      <founderPlaceCode>57657000</founderPlaceCode>
      <budgetLvlName>Бюджет муниципального района</budgetLvlName>
      <budgetLvlCode>32</budgetLvlCode>
      <budgetName>Бюджет Чернушинского муниципального района</budgetName>
      <budgetCode>56030124</budgetCode>
      <statusCode>2</statusCode>
      <statusName>недействующая</statusName>
      <regionType>КРАЙ</regionType>
      <regionName>ПЕРМСКИЙ</regionName>
      <isOGV>0</isOGV>
      <isObosob>0</isObosob>
      <orgStatus>2</orgStatus>
      <recordNum>57657000033206335062</recordNum>
      <parentCode></parentCode>
      <parentName></parentName>
      <okatoCode></okatoCode>
      <okatoName></okatoName>
      <guid>70541300-03B8-4222-A1DF-5C0F14F3CE99</guid>
      <status>1</status>
      <controlNum>0</controlNum>
      <bidNum>1-76-59-000/00091</bidNum>
      <firstRegDate>2015-12-07 16:13:51.0</firstRegDate>
      <firstRegGuid>0f06d3a6-9b6c-4c37-a15b-42be7a924135</firstRegGuid>
      <lastRegGuid>135b4ac6-bde4-407e-964c-c9151ff2d673</lastRegGuid>
      <lastRegDate>2020-01-03 19:02:48.0</lastRegDate>
      <lastRegNum>1-76-59-000/63255</lastRegNum>
      <updateReason>E</updateReason>
      <updateNum>1</updateNum>
      <inclusionDate>2015-12-08 11:06:04.0</inclusionDate>
      <exclusionDate></exclusionDate>
      <pubpCode></pubpCode>
      <rubpCode></rubpCode>
      <nubpCode>06335</nubpCode>
      <cpzCode></cpzCode>
      <pgmyCode></pgmyCode>
      <firmName></firmName>
      <kofkCode>5600</kofkCode>
      <nameDocs>МБОУ "ТАУШИНСКАЯ ОСНОВНАЯ ОБЩЕОБРАЗОВАТЕЛЬНАЯ ШКОЛА""</nameDocs>
      <accMgmt></accMgmt>
      <naibznachuch></naibznachuch>
      <regionCode>59</regionCode>
      <areaCode>5902800000000</areaCode>
      <areaType>РАЙОН</areaType>
      <areaName>ЧЕРНУШИНСКИЙ</areaName>
      <cityCode></cityCode>
      <localCode>5902800001500</localCode>
      <localName>ТАУШ</localName>
      <localType>СЕЛО</localType>
      <streetCode>59028000015000800</streetCode>
      <building></building>
      <apartment></apartment>
      <reformationDocument></reformationDocument>
      <reformationDocumentNum></reformationDocumentNum>
      <reformationDocumentDate></reformationDocumentDate>
      <reformationName></reformationName>
      <reformationCode></reformationCode>
      <reformationStartDate></reformationStartDate>
      <reformationEndDate>2019-12-31 00:00:00.0</reformationEndDate>
      <dateUpdate>2020-01-04 00:00:00.0</dateUpdate>
      <isExcluded>0</isExcluded>
      <isReorg>0</isReorg>
      <startDate>2020-01-03 19:02:48.0</startDate>
      <endDate></endDate>
      <loadDate>2020-01-04 05:01:12.0</loadDate>
      <regionKladrCode>5900000000000</regionKladrCode>
      <egrulnotincluded>false</egrulnotincluded>
      <parentrecordnum></parentrecordnum>
      <planningstructuretype></planningstructuretype>
      <planningstructurename></planningstructurename>
      <contourTypeCode>O</contourTypeCode>
      <specEventCode>2</specEventCode>
      <speceventcodedop1></speceventcodedop1>
      <speceventcodedop2></speceventcodedop2>
      <speceventcodedop3></speceventcodedop3>
      <dsp></dsp>
      <ppotypecode></ppotypecode>
      <ppotypename></ppotypename>
      <isUch>0</isUch>
      <reforfkCode>/epbs/registry/7710568760-TOFK/data?filtercode=5600&amp;filterstatus=ACTIVE&amp;</reforfkCode>
    </info>
    <authorities>
      <authorityCode>57301289</authorityCode>
      <authorityName>УПРАВЛЕНИЕ ОБРАЗОВАНИЯ АДМИНИСТРАЦИИ ЧЕРНУШИНСКОГО МУНИЦИПАЛЬНОГО РАЙОНА</authorityName>
      <permissions>
        <permissionCode>401</permissionCode>
        <permissionName>Выполнение функций и полномочий учредителя бюджетного учреждения при его создании, реорганизации, изменении типа и ликвидации</permissionName>
      </permissions>
      <permissions>
        <permissionCode>402</permissionCode>
        <permissionName>Утверждение устава бюджетного учреждения, а также вносимых в него изменений</permissionName>
      </permissions>
      <permissions>
        <permissionCode>403</permissionCode>
        <permissionName>Назначение (утверждение) руководителя бюджетного учреждения и прекращение его полномочий</permissionName>
      </permissions>
      <permissions>
        <permissionCode>404</permissionCode>
        <permissionName>Заключение и прекращение трудового договора с руководителем бюджетного учреждения</permissionName>
      </permissions>
      <permissions>
        <permissionCode>405</permissionCode>
        <permissionName>Формирование государственного задания на оказание государственных (муниципальных) услуг (выполнение работ) юридическим и физическим лицам в соответствии с предусмотренными уставом бюджетного учреждения основными видами деятельности</permissionName>
      </permissions>
      <permissions>
        <permissionCode>406</permissionCode>
        <permissionName>Утверждение государственного задания в соответствии с предусмотренными уставом бюджетного учреждения основными видами деятельности</permissionName>
      </permissions>
      <permissions>
        <permissionCode>407</permissionCode>
        <permissionName>Определение перечня особо ценного движимого имущества, закрепленного за бюджетным учреждением учредителем или приобретенного бюджетным учреждением за счет средств, выделенных ему учредителем на приобретение такого имущества</permissionName>
      </permissions>
      <permissions>
        <permissionCode>408</permissionCode>
        <permissionName>Предварительное согласование совершения бюджетным учреждением крупных сделок, соответствующих критериям, установленным в пункте 13 статьи 9.2 Федерального закона "О некоммерческих организациях"</permissionName>
      </permissions>
      <permissions>
        <permissionCode>409</permissionCode>
        <permissionName>Принятие решений об одобрении сделок с участием бюджетного учреждения, в совершении которых имеется заинтересованность, определяемая в соответствии с критериями, установленными в статье 27 Федерального закона "О некоммерческих организациях"</permissionName>
      </permissions>
      <permissions>
        <permissionCode>410</permissionCode>
        <permissionName>Установление порядка определения платы для физических и юридических лиц за услуги (работы), относящиеся к основным видам деятельности бюджетного учреждения, оказываемые им сверх установленного государственного задания, а также в случаях, определенных федеральными законами, в пределах установленного государственного задания</permissionName>
      </permissions>
      <permissions>
        <permissionCode>416</permissionCode>
        <permissionName>Осуществление финансового обеспечения выполнения государственного задания бюджетного учреждения</permissionName>
      </permissions>
      <permissions>
        <permissionCode>417</permissionCode>
        <permissionName>Определение порядка составления и утверждения плана финансово-хозяйственной деятельности бюджетного учреждения в соответствии с требованиями, установленными Министерством финансов Российской Федерации</permissionName>
      </permissions>
      <permissions>
        <permissionCode>419</permissionCode>
        <permissionName>Определение предельно допустимого значения просроченной кредиторской задолженности бюджетного учреждения, превышение которого влечет расторжение трудового договора с руководителем бюджетного учреждения по инициативе работодателя в соответствии с Трудовым кодексом Российской Федерации</permissionName>
      </permissions>
      <permissions>
        <permissionCode>420</permissionCode>
        <permissionName>Осуществление контроля деятельности бюджетного учреждения в соответствии с законодательством Российской Федерации</permissionName>
      </permissions>
      <permissions>
        <permissionCode>421</permissionCode>
        <permissionName>Осуществление иных функций и полномочий учредителя бюджетного учреждения, установленных федеральными законами и нормативными правовыми актами Президента Российской Федерации, Правительства Российской Федерации, субъекта Российской Федерации, правовыми актами муниципального образования</permissionName>
      </permissions>
      <permissions>
        <permissionCode>411</permissionCode>
        <permissionName>Определение порядка составления и утверждения отчета о результатах деятельности бюджетного учреждения и об использовании закрепленного за ним государственного (муниципального) имущества в соответствии с общими требованиями, установленными Министерством финансов Российской Федерации</permissionName>
      </permissions>
      <permissions>
        <permissionCode>412</permissionCode>
        <permissionName>Согласование распоряжения особо ценным движимым имуществом, закрепленным за бюджетным учреждением учредителем либо приобретенным бюджетным учреждением за счет средств, выделенных его учредителем на приобретение такого имущества</permissionName>
      </permissions>
      <permissions>
        <permissionCode>413</permissionCode>
        <permissionName>Согласование распоряжения недвижимым имуществом бюджетного учреждения, в том числе передачи его в аренду по договорам, типовые условия которых утверждаются Министерством экономического развития Российской Федерации, если иное не установлено иными нормативными правовыми актами, принимаемыми в соответствии с федеральными законами</permissionName>
      </permissions>
      <permissions>
        <permissionCode>414</permissionCode>
        <permissionName>Согласование внесения бюджетным учреждением денежных средств (если иное не установлено условиями их предоставления), иного имущества, за исключением особо ценного движимого имущества, а также недвижимого имущества, в уставный (складочный) капитал хозяйственных обществ или передачи им такого имущества иным образом в качестве их учредителя или участника</permissionName>
      </permissions>
      <permissions>
        <permissionCode>415</permissionCode>
        <permissionName>Согласование в случаях, предусмотренных федеральными законами, передачи некоммерческим организациям в качестве их учредителя или участника денежных средств (если иное не установлено условиями их предоставления) и иного имущества, за исключением особо ценного движимого имущества, закрепленного за бюджетным учреждением собственником или приобретенного бюджетным учреждением за счет средств,выделенных ему собственником на приобретение такого имущества, а также недвижимого имущества</permissionName>
      </permissions>
    </authorities>
    <activities>
      <activityCode>85.13</activityCode>
      <activityName>Образование основное общее</activityName>
      <activityKind>основной</activityKind>
    </activities>
    <heads>
      <fio>ГОЛДОБИНА ОЛЬГА ЛЕОНИДОВНА</fio>
      <post>ДИРЕКТОР</post>
      <docName></docName>
      <docNum></docNum>
      <docDate></docDate>
      <headMain>false</headMain>
    </heads>
    <successions>
      <parentName>МУНИЦИПАЛЬНОЕ БЮДЖЕТНОЕ ДОШКОЛЬНОЕ ОБРАЗОВАТЕЛЬНОЕ УЧРЕЖДЕНИЕ "ТАУШИНСКИЙ ДЕТСКИЙ САД"</parentName>
      <parentCode>-</parentCode>
      <ogrn>1025902545822</ogrn>
      <docname></docname>
      <numberdoc></numberdoc>
      <documentdate></documentdate>
      <datasource>1</datasource>
    </successions>
    <foAccounts>
      <foName>УПРАВЛЕНИЕ ФИНАНСОВ АДМИНИСТРАЦИИ ЧЕРНУШИНСКОГО МУНИЦИПАЛЬНОГО РАЙОНА</foName>
      <foCode>57301282</foCode>
      <accountTypeName>14</accountTypeName>
      <num>149270039</num>
    </foAccounts>
    <foAccounts>
      <foName>УПРАВЛЕНИЕ ФИНАНСОВ АДМИНИСТРАЦИИ ЧЕРНУШИНСКОГО МУНИЦИПАЛЬНОГО РАЙОНА</foName>
      <foCode>57301282</foCode>
      <accountTypeName>20</accountTypeName>
      <num>209270039</num>
    </foAccounts>
    <foAccounts>
      <foName>УПРАВЛЕНИЕ ФИНАНСОВ АДМИНИСТРАЦИИ ЧЕРНУШИНСКОГО МУНИЦИПАЛЬНОГО РАЙОНА</foName>
      <foCode>57301282</foCode>
      <accountTypeName>21</accountTypeName>
      <num>219270039</num>
    </foAccounts>
    <nonParticipantPermissions>
      <name>НУБП</name>
      <registryNum>06335</registryNum>
      <code>303</code>
      <startDate>2016-12-29 00:00:00.0</startDate>
      <endDate></endDate>
      <authBudgName>Бюджет Чернушинского муниципального района</authBudgName>
      <authBudgCode>56030124</authBudgCode>
      <authPPOName></authPPOName>
      <authPPOCode></authPPOCode>
      <authKBKGlavaName>Управление образования администрации Чернушинского муниципального района</authKBKGlavaName>
      <authKBKGlavaCode>927</authKBKGlavaCode>
    </nonParticipantPermissions>
    <procurementPermissions>
      <name>Заказчик</name>
      <code>201</code>
      <startDate>2016-06-24 00:00:00.0</startDate>
      <endDate></endDate>
    </procurementPermissions>
    <contacts>
      <phone>34261444673426144467</phone>
      <site>http://59311s016.edusite.ru</site>
      <mail>taushkolla@yandex.ru</mail>
    </contacts>
  </data>
  <data>
    <id>3489146</id>
    <info>
      <regNum>06340</regNum>
      <code>57306340</code>
      <divisionParentName></divisionParentName>
      <divisionParentCode></divisionParentCode>
      <ogrn>1025902545492</ogrn>
      <fullName>МУНИЦИПАЛЬНОЕ БЮДЖЕТНОЕ ОБЩЕОБРАЗОВАТЕЛЬНОЕ УЧРЕЖДЕНИЕ "ЕРМИЕВСКАЯ ОСНОВНАЯ ОБЩЕОБРАЗОВАТЕЛЬНАЯ ШКОЛА"</fullName>
      <shortName>МБОУ "ЕРМИЕВСКАЯ ООШ"</shortName>
      <inn>5957006200</inn>
      <kpp>595701001</kpp>
      <regDate>2018-06-09 00:00:00.0</regDate>
      <okopfName>Муниципальные бюджетные учреждения</okopfName>
      <okopfCode>75403</okopfCode>
      <okfsName>Муниципальная собственность</okfsName>
      <okfsCode>14</okfsCode>
      <postIndex>617813</postIndex>
      <cityType></cityType>
      <cityName></cityName>
      <streetType>УЛИЦА</streetType>
      <streetName>ЦЕНТРАЛЬНАЯ</streetName>
      <house>12</house>
      <oktmoName>с Ермия</oktmoName>
      <oktmoCode>57657404116</oktmoCode>
      <orfkName>Управление Федерального казначейства по Пермскому краю</orfkName>
      <orfkCode>5600</orfkCode>
      <oksmName></oksmName>
      <oksmCode></oksmCode>
      <location></location>
      <kbkName>Управление образования администрации Чернушинского муниципального района</kbkName>
      <kbkCode>927</kbkCode>
      <okoguName></okoguName>
      <okoguCode></okoguCode>
      <okpoCode>50273625</okpoCode>
      <orgTypeName>Учреждение</orgTypeName>
      <orgTypeCode>03</orgTypeCode>
      <establishmentKindName>Бюджетное</establishmentKindName>
      <establishmentKindCode>2</establishmentKindCode>
      <legalPersonKindName>Создание юридического лица до 01.07.2002</legalPersonKindName>
      <legalPersonKindCode>01</legalPersonKindCode>
      <ougvName></ougvName>
      <ougvCode></ougvCode>
      <uoName>Управление финансов администрации Чернушинского муниципального района</uoName>
      <uoCode>57301282</uoCode>
      <creatorKindName></creatorKindName>
      <creatorKindCode></creatorKindCode>
      <creatorPlaceName></creatorPlaceName>
      <creatorPlaceCode></creatorPlaceCode>
      <founderKindName></founderKindName>
      <founderKindCode></founderKindCode>
      <founderPlaceName>Чернушинский муниципальный район</founderPlaceName>
      <founderPlaceCode>57657000</founderPlaceCode>
      <budgetLvlName>Бюджет муниципального района</budgetLvlName>
      <budgetLvlCode>32</budgetLvlCode>
      <budgetName>Бюджет Чернушинского муниципального района</budgetName>
      <budgetCode>56030124</budgetCode>
      <statusCode>2</statusCode>
      <statusName>недействующая</statusName>
      <regionType>КРАЙ</regionType>
      <regionName>ПЕРМСКИЙ</regionName>
      <isOGV>0</isOGV>
      <isObosob>0</isObosob>
      <orgStatus>2</orgStatus>
      <recordNum>57657000033206340092</recordNum>
      <parentCode></parentCode>
      <parentName></parentName>
      <okatoCode></okatoCode>
      <okatoName></okatoName>
      <guid>C34C02B3-BE77-4DA7-AF27-108D37891A5B</guid>
      <status>1</status>
      <controlNum>0</controlNum>
      <bidNum>1-76-59-000/00040</bidNum>
      <firstRegDate>2015-11-25 09:19:39.0</firstRegDate>
      <firstRegGuid>01dcd6ee-2991-4908-923d-d8bc284d7191</firstRegGuid>
      <lastRegGuid>f8636f6e-36e7-431a-8cf3-503aa4374429</lastRegGuid>
      <lastRegDate>2020-01-03 19:19:33.0</lastRegDate>
      <lastRegNum>1-76-59-000/63256</lastRegNum>
      <updateReason>E</updateReason>
      <updateNum>1</updateNum>
      <inclusionDate>2015-11-25 12:05:07.0</inclusionDate>
      <exclusionDate></exclusionDate>
      <pubpCode></pubpCode>
      <rubpCode></rubpCode>
      <nubpCode>06340</nubpCode>
      <cpzCode>03563000439</cpzCode>
      <pgmyCode></pgmyCode>
      <firmName></firmName>
      <kofkCode>5600</kofkCode>
      <nameDocs>МБОУ "ЕРМИЕВСКАЯ ООШ"</nameDocs>
      <accMgmt></accMgmt>
      <naibznachuch></naibznachuch>
      <regionCode>59</regionCode>
      <areaCode>5902800000000</areaCode>
      <areaType>РАЙОН</areaType>
      <areaName>ЧЕРНУШИНСКИЙ</areaName>
      <cityCode></cityCode>
      <localCode>5902800000600</localCode>
      <localName>ЕРМИЯ</localName>
      <localType>СЕЛО</localType>
      <streetCode>59028000006000100</streetCode>
      <building></building>
      <apartment></apartment>
      <reformationDocument></reformationDocument>
      <reformationDocumentNum></reformationDocumentNum>
      <reformationDocumentDate></reformationDocumentDate>
      <reformationName></reformationName>
      <reformationCode></reformationCode>
      <reformationStartDate></reformationStartDate>
      <reformationEndDate>2019-12-31 00:00:00.0</reformationEndDate>
      <dateUpdate>2020-01-04 00:00:00.0</dateUpdate>
      <isExcluded>0</isExcluded>
      <isReorg>0</isReorg>
      <startDate>2020-01-03 19:19:34.0</startDate>
      <endDate></endDate>
      <loadDate>2020-01-04 05:01:12.0</loadDate>
      <regionKladrCode>5900000000000</regionKladrCode>
      <egrulnotincluded>false</egrulnotincluded>
      <parentrecordnum></parentrecordnum>
      <planningstructuretype></planningstructuretype>
      <planningstructurename></planningstructurename>
      <contourTypeCode>O</contourTypeCode>
      <specEventCode>2</specEventCode>
      <speceventcodedop1></speceventcodedop1>
      <speceventcodedop2></speceventcodedop2>
      <speceventcodedop3></speceventcodedop3>
      <dsp></dsp>
      <ppotypecode></ppotypecode>
      <ppotypename></ppotypename>
      <isUch>0</isUch>
      <reforfkCode>/epbs/registry/7710568760-TOFK/data?filtercode=5600&amp;filterstatus=ACTIVE&amp;</reforfkCode>
    </info>
    <authorities>
      <authorityCode>57301289</authorityCode>
      <authorityName>УПРАВЛЕНИЕ ОБРАЗОВАНИЯ АДМИНИСТРАЦИИ ЧЕРНУШИНСКОГО МУНИЦИПАЛЬНОГО РАЙОНА</authorityName>
      <permissions>
        <permissionCode>401</permissionCode>
        <permissionName>Выполнение функций и полномочий учредителя бюджетного учреждения при его создании, реорганизации, изменении типа и ликвидации</permissionName>
      </permissions>
      <permissions>
        <permissionCode>402</permissionCode>
        <permissionName>Утверждение устава бюджетного учреждения, а также вносимых в него изменений</permissionName>
      </permissions>
      <permissions>
        <permissionCode>403</permissionCode>
        <permissionName>Назначение (утверждение) руководителя бюджетного учреждения и прекращение его полномочий</permissionName>
      </permissions>
      <permissions>
        <permissionCode>404</permissionCode>
        <permissionName>Заключение и прекращение трудового договора с руководителем бюджетного учреждения</permissionName>
      </permissions>
      <permissions>
        <permissionCode>405</permissionCode>
        <permissionName>Формирование государственного задания на оказание государственных (муниципальных) услуг (выполнение работ) юридическим и физическим лицам в соответствии с предусмотренными уставом бюджетного учреждения основными видами деятельности</permissionName>
      </permissions>
      <permissions>
        <permissionCode>406</permissionCode>
        <permissionName>Утверждение государственного задания в соответствии с предусмотренными уставом бюджетного учреждения основными видами деятельности</permissionName>
      </permissions>
      <permissions>
        <permissionCode>407</permissionCode>
        <permissionName>Определение перечня особо ценного движимого имущества, закрепленного за бюджетным учреждением учредителем или приобретенного бюджетным учреждением за счет средств, выделенных ему учредителем на приобретение такого имущества</permissionName>
      </permissions>
      <permissions>
        <permissionCode>408</permissionCode>
        <permissionName>Предварительное согласование совершения бюджетным учреждением крупных сделок, соответствующих критериям, установленным в пункте 13 статьи 9.2 Федерального закона "О некоммерческих организациях"</permissionName>
      </permissions>
      <permissions>
        <permissionCode>409</permissionCode>
        <permissionName>Принятие решений об одобрении сделок с участием бюджетного учреждения, в совершении которых имеется заинтересованность, определяемая в соответствии с критериями, установленными в статье 27 Федерального закона "О некоммерческих организациях"</permissionName>
      </permissions>
      <permissions>
        <permissionCode>410</permissionCode>
        <permissionName>Установление порядка определения платы для физических и юридических лиц за услуги (работы), относящиеся к основным видам деятельности бюджетного учреждения, оказываемые им сверх установленного государственного задания, а также в случаях, определенных федеральными законами, в пределах установленного государственного задания</permissionName>
      </permissions>
      <permissions>
        <permissionCode>416</permissionCode>
        <permissionName>Осуществление финансового обеспечения выполнения государственного задания бюджетного учреждения</permissionName>
      </permissions>
      <permissions>
        <permissionCode>417</permissionCode>
        <permissionName>Определение порядка составления и утверждения плана финансово-хозяйственной деятельности бюджетного учреждения в соответствии с требованиями, установленными Министерством финансов Российской Федерации</permissionName>
      </permissions>
      <permissions>
        <permissionCode>419</permissionCode>
        <permissionName>Определение предельно допустимого значения просроченной кредиторской задолженности бюджетного учреждения, превышение которого влечет расторжение трудового договора с руководителем бюджетного учреждения по инициативе работодателя в соответствии с Трудовым кодексом Российской Федерации</permissionName>
      </permissions>
      <permissions>
        <permissionCode>420</permissionCode>
        <permissionName>Осуществление контроля деятельности бюджетного учреждения в соответствии с законодательством Российской Федерации</permissionName>
      </permissions>
      <permissions>
        <permissionCode>421</permissionCode>
        <permissionName>Осуществление иных функций и полномочий учредителя бюджетного учреждения, установленных федеральными законами и нормативными правовыми актами Президента Российской Федерации, Правительства Российской Федерации, субъекта Российской Федерации, правовыми актами муниципального образования</permissionName>
      </permissions>
      <permissions>
        <permissionCode>411</permissionCode>
        <permissionName>Определение порядка составления и утверждения отчета о результатах деятельности бюджетного учреждения и об использовании закрепленного за ним государственного (муниципального) имущества в соответствии с общими требованиями, установленными Министерством финансов Российской Федерации</permissionName>
      </permissions>
      <permissions>
        <permissionCode>412</permissionCode>
        <permissionName>Согласование распоряжения особо ценным движимым имуществом, закрепленным за бюджетным учреждением учредителем либо приобретенным бюджетным учреждением за счет средств, выделенных его учредителем на приобретение такого имущества</permissionName>
      </permissions>
      <permissions>
        <permissionCode>413</permissionCode>
        <permissionName>Согласование распоряжения недвижимым имуществом бюджетного учреждения, в том числе передачи его в аренду по договорам, типовые условия которых утверждаются Министерством экономического развития Российской Федерации, если иное не установлено иными нормативными правовыми актами, принимаемыми в соответствии с федеральными законами</permissionName>
      </permissions>
      <permissions>
        <permissionCode>414</permissionCode>
        <permissionName>Согласование внесения бюджетным учреждением денежных средств (если иное не установлено условиями их предоставления), иного имущества, за исключением особо ценного движимого имущества, а также недвижимого имущества, в уставный (складочный) капитал хозяйственных обществ или передачи им такого имущества иным образом в качестве их учредителя или участника</permissionName>
      </permissions>
      <permissions>
        <permissionCode>415</permissionCode>
        <permissionName>Согласование в случаях, предусмотренных федеральными законами, передачи некоммерческим организациям в качестве их учредителя или участника денежных средств (если иное не установлено условиями их предоставления) и иного имущества, за исключением особо ценного движимого имущества, закрепленного за бюджетным учреждением собственником или приобретенного бюджетным учреждением за счет средств,выделенных ему собственником на приобретение такого имущества, а также недвижимого имущества</permissionName>
      </permissions>
    </authorities>
    <activities>
      <activityCode>85.13</activityCode>
      <activityName>Образование основное общее</activityName>
      <activityKind>основной</activityKind>
    </activities>
    <activities>
      <activityCode>85.11</activityCode>
      <activityName>Образование дошкольное</activityName>
      <activityKind>иной</activityKind>
    </activities>
    <activities>
      <activityCode>85.41</activityCode>
      <activityName>Образование дополнительное детей и взрослых</activityName>
      <activityKind>иной</activityKind>
    </activities>
    <heads>
      <fio>Юминова Нина Сергеевна</fio>
      <post>ДИРЕКТОР</post>
      <docName></docName>
      <docNum></docNum>
      <docDate></docDate>
      <headMain>false</headMain>
    </heads>
    <successions>
      <parentName>МУНИЦИПАЛЬНОЕ БЮДЖЕТНОЕ ДОШКОЛЬНОЕ ОБРАЗОВАТЕЛЬНОЕ УЧРЕЖДЕНИЕ "ЕРМИЕВСКИЙ ДЕТСКИЙ САД"</parentName>
      <parentCode>-</parentCode>
      <ogrn>1025902548616</ogrn>
      <docname></docname>
      <numberdoc></numberdoc>
      <documentdate></documentdate>
      <datasource>1</datasource>
    </successions>
    <foAccounts>
      <foName>УПРАВЛЕНИЕ ФИНАНСОВ АДМИНИСТРАЦИИ ЧЕРНУШИНСКОГО МУНИЦИПАЛЬНОГО РАЙОНА</foName>
      <foCode>57301282</foCode>
      <accountTypeName>14</accountTypeName>
      <num>149270058</num>
    </foAccounts>
    <foAccounts>
      <foName>УПРАВЛЕНИЕ ФИНАНСОВ АДМИНИСТРАЦИИ ЧЕРНУШИНСКОГО МУНИЦИПАЛЬНОГО РАЙОНА</foName>
      <foCode>57301282</foCode>
      <accountTypeName>20</accountTypeName>
      <num>209270058</num>
    </foAccounts>
    <nonParticipantPermissions>
      <name>НУБП</name>
      <registryNum>06340</registryNum>
      <code>303</code>
      <startDate>2016-12-08 00:00:00.0</startDate>
      <endDate></endDate>
      <authBudgName>Бюджет Чернушинского муниципального района</authBudgName>
      <authBudgCode>56030124</authBudgCode>
      <authPPOName></authPPOName>
      <authPPOCode></authPPOCode>
      <authKBKGlavaName>Управление образования администрации Чернушинского муниципального района</authKBKGlavaName>
      <authKBKGlavaCode>927</authKBKGlavaCode>
    </nonParticipantPermissions>
    <procurementPermissions>
      <name>Заказчик</name>
      <code>201</code>
      <startDate>2016-06-24 00:00:00.0</startDate>
      <endDate></endDate>
    </procurementPermissions>
    <contacts>
      <phone>3426123533__________</phone>
      <site>http://59311s021.edusite.ru</site>
      <mail>schkola.ermiya@mail.ru</mail>
    </contacts>
  </data>
</ObjectNode>
