[ {
  "id" : "3489001",
  "info" : {
    "regNum" : "Э2211",
    "code" : "893Э2211",
    "divisionParentName" : "",
    "divisionParentCode" : "",
    "ogrn" : "1091324000459",
    "fullName" : "МУНИЦИПАЛЬНОЕ БЮДЖЕТНОЕ УЧРЕЖДЕНИЕ КУЛЬТУРЫ \"КУЛЬТУРНО-ДОСУГОВЫЙ ЦЕНТР\" СЕМИЛЕЙСКОГО СЕЛЬСКОГО ПОСЕЛЕНИЯ КОЧКУРОВСКОГО МУНИЦИПАЛЬНОГО РАЙОНА РЕСПУБЛИКИ МОРДОВИЯ",
    "shortName" : "МБУК \"КДЦ\" СЕМИЛЕЙСКОГО СЕЛЬСКОГО ПОСЕЛЕНИЯ КОЧКУРОВСКОГО МУНИЦИПАЛЬНОГО РАЙОНА РЕСПУБЛИКИ МОРДОВИЯ",
    "inn" : "1313902880",
    "kpp" : "131301001",
    "regDate" : "2009-05-10 00:00:00.0",
    "okopfName" : "Муниципальные бюджетные учреждения",
    "okopfCode" : "75403",
    "okfsName" : "Муниципальная собственность",
    "okfsCode" : "14",
    "postIndex" : "431590",
    "cityType" : "",
    "cityName" : "",
    "streetType" : "УЛИЦА",
    "streetName" : "ЦЕНТРАЛЬНАЯ",
    "house" : "62",
    "oktmoName" : "с Семилей",
    "oktmoCode" : "89631465101",
    "orfkName" : "Управление Федерального казначейства по Республике Мордовия",
    "orfkCode" : "0900",
    "oksmName" : "",
    "oksmCode" : "",
    "location" : "",
    "kbkName" : "Администрация Семилейского сельского поселения Кочкуровского муниципального района Республики Мордовия",
    "kbkCode" : "921",
    "okoguName" : "",
    "okoguCode" : "",
    "okpoCode" : "21658726",
    "orgTypeName" : "Учреждение",
    "orgTypeCode" : "03",
    "establishmentKindName" : "Бюджетное",
    "establishmentKindCode" : "2",
    "legalPersonKindName" : "Создание юридического лица",
    "legalPersonKindCode" : "11",
    "ougvName" : "",
    "ougvCode" : "",
    "uoName" : "Администрация Семилейского сельского поселения Кочкуровского муниципального района Республики Мордовия",
    "uoCode" : "893D0009",
    "creatorKindName" : "",
    "creatorKindCode" : "",
    "creatorPlaceName" : "",
    "creatorPlaceCode" : "",
    "founderKindName" : "",
    "founderKindCode" : "",
    "founderPlaceName" : "Семилейское сельское поселение Кочкуровского муниципального района Республики Мордовия",
    "founderPlaceCode" : "89631465",
    "budgetLvlName" : "Бюджет сельского поселения",
    "budgetLvlCode" : "34",
    "budgetName" : "Бюджет Семилейского сельского поселения Кочкуровского муниципального района Республики Мордовия",
    "budgetCode" : "09031778",
    "statusCode" : "2",
    "statusName" : "недействующая",
    "regionType" : "РЕСПУБЛИКА",
    "regionName" : "МОРДОВИЯ",
    "isOGV" : "0",
    "isObosob" : "0",
    "orgStatus" : "2",
    "recordNum" : "896314650334Э2211082",
    "parentCode" : "",
    "parentName" : "",
    "okatoCode" : "",
    "okatoName" : "",
    "guid" : "3778D916-C22C-44EA-B729-E8DD21C12BFD",
    "status" : "1",
    "controlNum" : "0",
    "bidNum" : "1-76-13-000/00015",
    "firstRegDate" : "2015-12-07 17:47:39.0",
    "firstRegGuid" : "023dbdcf-8abe-44b2-bd5a-a42b699f7826",
    "lastRegGuid" : "ccf1118a-42f4-459b-a391-fe80ae2bd8c7",
    "lastRegDate" : "2019-12-31 20:16:48.0",
    "lastRegNum" : "1-76-13-000/17491",
    "updateReason" : "E",
    "updateNum" : "1",
    "inclusionDate" : "2015-12-07 18:16:59.0",
    "exclusionDate" : "",
    "pubpCode" : "",
    "rubpCode" : "",
    "nubpCode" : "Э2211",
    "cpzCode" : "",
    "pgmyCode" : "",
    "firmName" : "",
    "kofkCode" : "0900",
    "nameDocs" : "МБУК \"КДЦ\" СЕМИЛЕЙСКОГО СЕЛЬСКОГО ПОСЕЛЕНИЯ КОЧКУРОВСКОГО МУНИЦИПАЛЬНОГО РАЙОНА РЕСПУБЛИКИ МОРДОВИЯ",
    "accMgmt" : "",
    "naibznachuch" : "",
    "regionCode" : "13",
    "areaCode" : "1301400000000",
    "areaType" : "РАЙОН",
    "areaName" : "КОЧКУРОВСКИЙ",
    "cityCode" : "",
    "localCode" : "1301400003400",
    "localName" : "СЕМИЛЕЙ",
    "localType" : "СЕЛО",
    "streetCode" : "13014000034000200",
    "building" : "А",
    "apartment" : "",
    "reformationDocument" : "",
    "reformationDocumentNum" : "",
    "reformationDocumentDate" : "",
    "reformationName" : "",
    "reformationCode" : "",
    "reformationStartDate" : "",
    "reformationEndDate" : "2019-10-23 00:00:00.0",
    "dateUpdate" : "2020-01-01 00:00:00.0",
    "isExcluded" : "0",
    "isReorg" : "0",
    "startDate" : "2019-12-31 20:16:49.0",
    "endDate" : "",
    "loadDate" : "2020-01-01 05:01:23.0",
    "regionKladrCode" : "1300000000000",
    "egrulnotincluded" : "false",
    "parentrecordnum" : "",
    "planningstructuretype" : "",
    "planningstructurename" : "",
    "contourTypeCode" : "O",
    "specEventCode" : "2",
    "speceventcodedop1" : "",
    "speceventcodedop2" : "",
    "speceventcodedop3" : "",
    "dsp" : "",
    "ppotypecode" : "",
    "ppotypename" : "",
    "isUch" : "0",
    "reforfkCode" : "/epbs/registry/7710568760-TOFK/data?filtercode=0900&filterstatus=ACTIVE&"
  },
  "authorities" : [ {
    "authorityCode" : "893D0009",
    "authorityName" : "АДМИНИСТРАЦИЯ СЕМИЛЕЙСКОГО СЕЛЬСКОГО ПОСЕЛЕНИЯ КОЧКУРОВСКОГО МУНИЦИПАЛЬНОГО РАЙОНА РЕСПУБЛИКИ МОРДОВИЯ",
    "permissions" : [ {
      "permissionCode" : "407",
      "permissionName" : "Определение перечня особо ценного движимого имущества, закрепленного за бюджетным учреждением учредителем или приобретенного бюджетным учреждением за счет средств, выделенных ему учредителем на приобретение такого имущества"
    }, {
      "permissionCode" : "408",
      "permissionName" : "Предварительное согласование совершения бюджетным учреждением крупных сделок, соответствующих критериям, установленным в пункте 13 статьи 9.2 Федерального закона \"О некоммерческих организациях\""
    }, {
      "permissionCode" : "409",
      "permissionName" : "Принятие решений об одобрении сделок с участием бюджетного учреждения, в совершении которых имеется заинтересованность, определяемая в соответствии с критериями, установленными в статье 27 Федерального закона \"О некоммерческих организациях\""
    }, {
      "permissionCode" : "410",
      "permissionName" : "Установление порядка определения платы для физических и юридических лиц за услуги (работы), относящиеся к основным видам деятельности бюджетного учреждения, оказываемые им сверх установленного государственного задания, а также в случаях, определенных федеральными законами, в пределах установленного государственного задания"
    }, {
      "permissionCode" : "411",
      "permissionName" : "Определение порядка составления и утверждения отчета о результатах деятельности бюджетного учреждения и об использовании закрепленного за ним государственного (муниципального) имущества в соответствии с общими требованиями, установленными Министерством финансов Российской Федерации"
    }, {
      "permissionCode" : "412",
      "permissionName" : "Согласование распоряжения особо ценным движимым имуществом, закрепленным за бюджетным учреждением учредителем либо приобретенным бюджетным учреждением за счет средств, выделенных его учредителем на приобретение такого имущества"
    }, {
      "permissionCode" : "413",
      "permissionName" : "Согласование распоряжения недвижимым имуществом бюджетного учреждения, в том числе передачи его в аренду по договорам, типовые условия которых утверждаются Министерством экономического развития Российской Федерации, если иное не установлено иными нормативными правовыми актами, принимаемыми в соответствии с федеральными законами"
    }, {
      "permissionCode" : "414",
      "permissionName" : "Согласование внесения бюджетным учреждением денежных средств (если иное не установлено условиями их предоставления), иного имущества, за исключением особо ценного движимого имущества, а также недвижимого имущества, в уставный (складочный) капитал хозяйственных обществ или передачи им такого имущества иным образом в качестве их учредителя или участника"
    }, {
      "permissionCode" : "415",
      "permissionName" : "Согласование в случаях, предусмотренных федеральными законами, передачи некоммерческим организациям в качестве их учредителя или участника денежных средств (если иное не установлено условиями их предоставления) и иного имущества, за исключением особо ценного движимого имущества, закрепленного за бюджетным учреждением собственником или приобретенного бюджетным учреждением за счет средств,выделенных ему собственником на приобретение такого имущества, а также недвижимого имущества"
    }, {
      "permissionCode" : "416",
      "permissionName" : "Осуществление финансового обеспечения выполнения государственного задания бюджетного учреждения"
    }, {
      "permissionCode" : "417",
      "permissionName" : "Определение порядка составления и утверждения плана финансово-хозяйственной деятельности бюджетного учреждения в соответствии с требованиями, установленными Министерством финансов Российской Федерации"
    }, {
      "permissionCode" : "419",
      "permissionName" : "Определение предельно допустимого значения просроченной кредиторской задолженности бюджетного учреждения, превышение которого влечет расторжение трудового договора с руководителем бюджетного учреждения по инициативе работодателя в соответствии с Трудовым кодексом Российской Федерации"
    }, {
      "permissionCode" : "420",
      "permissionName" : "Осуществление контроля деятельности бюджетного учреждения в соответствии с законодательством Российской Федерации"
    }, {
      "permissionCode" : "401",
      "permissionName" : "Выполнение функций и полномочий учредителя бюджетного учреждения при его создании, реорганизации, изменении типа и ликвидации"
    }, {
      "permissionCode" : "402",
      "permissionName" : "Утверждение устава бюджетного учреждения, а также вносимых в него изменений"
    }, {
      "permissionCode" : "403",
      "permissionName" : "Назначение (утверждение) руководителя бюджетного учреждения и прекращение его полномочий"
    }, {
      "permissionCode" : "404",
      "permissionName" : "Заключение и прекращение трудового договора с руководителем бюджетного учреждения"
    }, {
      "permissionCode" : "405",
      "permissionName" : "Формирование государственного задания на оказание государственных (муниципальных) услуг (выполнение работ) юридическим и физическим лицам в соответствии с предусмотренными уставом бюджетного учреждения основными видами деятельности"
    }, {
      "permissionCode" : "406",
      "permissionName" : "Утверждение государственного задания в соответствии с предусмотренными уставом бюджетного учреждения основными видами деятельности"
    }, {
      "permissionCode" : "421",
      "permissionName" : "Осуществление иных функций и полномочий учредителя бюджетного учреждения, установленных федеральными законами и нормативными правовыми актами Президента Российской Федерации, Правительства Российской Федерации, субъекта Российской Федерации, правовыми актами муниципального образования"
    } ]
  } ],
  "activities" : [ {
    "activityCode" : "91.01",
    "activityName" : "Деятельность библиотек и архивов",
    "activityKind" : "основной"
  } ],
  "heads" : [ {
    "fio" : "ЛАШМАНКИНА ДАРЬЯ АНАТОЛЬЕВНА",
    "post" : "ДИРЕКТОР",
    "docName" : "",
    "docNum" : "",
    "docDate" : "",
    "headMain" : "false"
  } ],
  "successions" : [ ],
  "facialAccounts" : [ {
    "kindName" : "лс БУ",
    "kindCode" : "20",
    "num" : "20096Э22110",
    "createDate" : "2015-05-15 00:00:00.0",
    "closeDate" : "",
    "status" : "открыт",
    "openUfkCode" : "0900",
    "openUfkName" : "Управление Федерального казначейства по Республике Мордовия",
    "openTofkName" : "00109119",
    "srvUfkCode" : "0918",
    "srvUfkName" : "Отдел № 18 Управления Федерального казначейства по Республике Мордовия",
    "accountorgcode" : "",
    "accountorgfullname" : "",
    "ppocode" : "",
    "pponame" : "",
    "refopenUfkCode" : "/epbs/registry/7710568760-TOFK/data?filtercode=00109119&filterstatus=ACTIVE&",
    "refsrvUfkCode" : "/epbs/registry/7710568760-TOFK/data?filtercode=-&filterstatus=ACTIVE&"
  }, {
    "kindName" : "отдельный лс БУ",
    "kindCode" : "21",
    "num" : "21096Э22110",
    "createDate" : "2015-05-15 00:00:00.0",
    "closeDate" : "",
    "status" : "открыт",
    "openUfkCode" : "0900",
    "openUfkName" : "Управление Федерального казначейства по Республике Мордовия",
    "openTofkName" : "00109119",
    "srvUfkCode" : "0918",
    "srvUfkName" : "Отдел № 18 Управления Федерального казначейства по Республике Мордовия",
    "accountorgcode" : "",
    "accountorgfullname" : "",
    "ppocode" : "",
    "pponame" : "",
    "refopenUfkCode" : "/epbs/registry/7710568760-TOFK/data?filtercode=00109119&filterstatus=ACTIVE&",
    "refsrvUfkCode" : "/epbs/registry/7710568760-TOFK/data?filtercode=-&filterstatus=ACTIVE&"
  } ],
  "foAccounts" : [ ],
  "participantPermissions" : [ ],
  "nonParticipantPermissions" : [ {
    "name" : "НУБП",
    "registryNum" : "Э2211",
    "code" : "303",
    "startDate" : "2016-11-22 00:00:00.0",
    "endDate" : "",
    "authBudgName" : "Бюджет Семилейского сельского поселения Кочкуровского муниципального района Республики Мордовия",
    "authBudgCode" : "09031778",
    "authPPOName" : "",
    "authPPOCode" : "",
    "authKBKGlavaName" : "Администрация Семилейского сельского поселения Кочкуровского муниципального района Республики Мордовия",
    "authKBKGlavaCode" : "921"
  } ],
  "procurementPermissions" : [ {
    "name" : "Заказчик",
    "code" : "201",
    "startDate" : "2016-06-20 00:00:00.0",
    "endDate" : ""
  } ],
  "contacts" : [ {
    "phone" : "8343927755__________",
    "site" : "http://",
    "mail" : ""
  } ],
  "acceptAuths" : [ ],
  "transfauth" : [ ],
  "attachment" : [ ],
  "contracts" : [ ],
  "ubptransfauthbp" : [ ],
  "ubptransfauthbu" : [ ],
  "ubpfin" : [ ],
  "ksaccounts" : [ ]
}, {
  "id" : "3489138",
  "info" : {
    "regNum" : "D0110",
    "code" : "001D0110",
    "divisionParentName" : "",
    "divisionParentCode" : "",
    "ogrn" : "1152540005243",
    "fullName" : "ТИХООКЕАНСКОЕ МОРСКОЕ УПРАВЛЕНИЕ ФЕДЕРАЛЬНОЙ СЛУЖБЫ ПО НАДЗОРУ В СФЕРЕ ПРИРОДОПОЛЬЗОВАНИЯ",
    "shortName" : "ТИХООКЕАНСКОЕ МОРСКОЕ УПРАВЛЕНИЕ РОСПРИРОДНАДЗОРА",
    "inn" : "2540212927",
    "kpp" : "253601001",
    "regDate" : "2016-01-22 00:00:00.0",
    "okopfName" : "Федеральные государственные казенные учреждения",
    "okopfCode" : "75104",
    "okfsName" : "Федеральная собственность",
    "okfsCode" : "12",
    "postIndex" : "690091",
    "cityType" : "ГОРОД",
    "cityName" : "ВЛАДИВОСТОК",
    "streetType" : "УЛИЦА",
    "streetName" : "АДМИРАЛА ФОКИНА",
    "house" : "ДОМ 24",
    "oktmoName" : "г Владивосток",
    "oktmoCode" : "05701000001",
    "orfkName" : "Управление Федерального казначейства по Приморскому краю",
    "orfkCode" : "2000",
    "oksmName" : "",
    "oksmCode" : "",
    "location" : "",
    "kbkName" : "Федеральная служба по надзору в сфере природопользования",
    "kbkCode" : "048",
    "okoguName" : "Федеральная служба по надзору в сфере природопользования",
    "okoguCode" : "1323020",
    "okpoCode" : "36777158",
    "orgTypeName" : "Федеральный орган государственной власти, федеральный государственный орган, орган государственной власти субъекта Российской Федерации, государственный орган субъекта Российской Федерации, орган местного самоуправления, в том числе его территориальные органы",
    "orgTypeCode" : "01",
    "establishmentKindName" : "",
    "establishmentKindCode" : "",
    "legalPersonKindName" : "Создание юридического лица",
    "legalPersonKindCode" : "11",
    "ougvName" : "Организация не является финансовым органом публично-правового образования, органом управления государственными внебюджетным фондом",
    "ougvCode" : "2",
    "uoName" : "Федеральная служба по надзору в сфере природопользования",
    "uoCode" : "00100048",
    "creatorKindName" : "",
    "creatorKindCode" : "",
    "creatorPlaceName" : "Российская Федерация",
    "creatorPlaceCode" : "00000000",
    "founderKindName" : "",
    "founderKindCode" : "",
    "founderPlaceName" : "",
    "founderPlaceCode" : "",
    "budgetLvlName" : "Федеральный бюджет",
    "budgetLvlCode" : "10",
    "budgetName" : "Федеральный бюджет",
    "budgetCode" : "99010001",
    "statusCode" : "2",
    "statusName" : "недействующая",
    "regionType" : "КРАЙ",
    "regionName" : "ПРИМОРСКИЙ",
    "isOGV" : "1",
    "isObosob" : "0",
    "orgStatus" : "2",
    "recordNum" : "000000000110D0110002",
    "parentCode" : "00100048",
    "parentName" : "ФЕДЕРАЛЬНАЯ СЛУЖБА ПО НАДЗОРУ В СФЕРЕ ПРИРОДОПОЛЬЗОВАНИЯ",
    "okatoCode" : "",
    "okatoName" : "",
    "guid" : "24585A0E-43B3-4A46-9594-2FB777BB5C5D",
    "status" : "1",
    "controlNum" : "0",
    "bidNum" : "1-76-00-048/00737",
    "firstRegDate" : "2015-10-30 17:34:01.0",
    "firstRegGuid" : "605bf1ea-3dbf-4729-9c05-3d3781e0e030",
    "lastRegGuid" : "a00dcd7a-f36b-4605-acf8-a6e9f25393ed",
    "lastRegDate" : "2020-01-03 19:11:48.0",
    "lastRegNum" : "1-76-00-048/288730",
    "updateReason" : "E",
    "updateNum" : "1",
    "inclusionDate" : "2015-11-02 10:30:10.0",
    "exclusionDate" : "",
    "pubpCode" : "",
    "rubpCode" : "D0110",
    "nubpCode" : "",
    "cpzCode" : "",
    "pgmyCode" : "",
    "firmName" : "",
    "kofkCode" : "2000",
    "nameDocs" : "ТИХООКЕАНСКОЕ МОРСКОЕ УПРАВЛЕНИЕ РОСПРИРОДНАДЗОРА",
    "accMgmt" : "",
    "naibznachuch" : "",
    "regionCode" : "25",
    "areaCode" : "",
    "areaType" : "",
    "areaName" : "",
    "cityCode" : "2500000100000",
    "localCode" : "",
    "localName" : "",
    "localType" : "",
    "streetCode" : "25000001000058900",
    "building" : "",
    "apartment" : "",
    "reformationDocument" : "Приказ Росприроднадзора № 276 от 10.06.2019  \"О Дальневосточном межрегиональном управлении Федеральной службы по надзору в сфере природопользования\"",
    "reformationDocumentNum" : "276",
    "reformationDocumentDate" : "2019-06-10 00:00:00.0",
    "reformationName" : "",
    "reformationCode" : "",
    "reformationStartDate" : "2019-06-26 00:00:00.0",
    "reformationEndDate" : "2019-10-09 00:00:00.0",
    "dateUpdate" : "2020-01-04 00:00:00.0",
    "isExcluded" : "0",
    "isReorg" : "0",
    "startDate" : "2020-01-03 19:11:48.0",
    "endDate" : "",
    "loadDate" : "2020-01-04 05:01:12.0",
    "regionKladrCode" : "2500000000000",
    "egrulnotincluded" : "false",
    "parentrecordnum" : "",
    "planningstructuretype" : "",
    "planningstructurename" : "",
    "contourTypeCode" : "O",
    "specEventCode" : "2",
    "speceventcodedop1" : "",
    "speceventcodedop2" : "",
    "speceventcodedop3" : "",
    "dsp" : "",
    "ppotypecode" : "",
    "ppotypename" : "",
    "isUch" : "",
    "reforfkCode" : "/epbs/registry/7710568760-TOFK/data?filtercode=2000&filterstatus=ACTIVE&"
  },
  "authorities" : [ ],
  "activities" : [ {
    "activityCode" : "84.11.12",
    "activityName" : "Деятельность полномочных представителей Президента Российской Федерации в регионах Российской Федерации и территориальных органов федеральных органов исполнительной власти в субъектах Российской Федерации (республиках, краях, областях)",
    "activityKind" : "основной"
  } ],
  "heads" : [ {
    "fio" : "СОНИН ВАДИМ ВИКТОРОВИЧ",
    "post" : "ИСПОЛНЯЮЩИЙ ОБЯЗАННОСТИ РУКОВОДИТЕЛЯ",
    "docName" : "",
    "docNum" : "",
    "docDate" : "",
    "headMain" : "false"
  } ],
  "successions" : [ ],
  "facialAccounts" : [ {
    "kindName" : "лс ПБС",
    "kindCode" : "03",
    "num" : "03201D01100",
    "createDate" : "2015-11-13 00:00:00.0",
    "closeDate" : "2019-10-31 00:00:00.0",
    "status" : "закрыт",
    "openUfkCode" : "2000",
    "openUfkName" : "Управление Федерального казначейства по Приморскому краю",
    "openTofkName" : "00142487",
    "srvUfkCode" : "2031",
    "srvUfkName" : "Отдел № 1 Управления Федерального казначейства по Приморскому краю",
    "accountorgcode" : "",
    "accountorgfullname" : "",
    "ppocode" : "",
    "pponame" : "",
    "refopenUfkCode" : "/epbs/registry/7710568760-TOFK/data?filtercode=00142487&filterstatus=ACTIVE&",
    "refsrvUfkCode" : "/epbs/registry/7710568760-TOFK/data?filtercode=-&filterstatus=ACTIVE&"
  }, {
    "kindName" : "лс АДБ",
    "kindCode" : "04",
    "num" : "04201D01100",
    "createDate" : "2016-03-15 00:00:00.0",
    "closeDate" : "2019-12-09 00:00:00.0",
    "status" : "закрыт",
    "openUfkCode" : "2000",
    "openUfkName" : "Управление Федерального казначейства по Приморскому краю",
    "openTofkName" : "00142487",
    "srvUfkCode" : "2000",
    "srvUfkName" : "Управление Федерального казначейства по Приморскому краю",
    "accountorgcode" : "",
    "accountorgfullname" : "",
    "ppocode" : "",
    "pponame" : "",
    "refopenUfkCode" : "/epbs/registry/7710568760-TOFK/data?filtercode=00142487&filterstatus=ACTIVE&",
    "refsrvUfkCode" : "/epbs/registry/7710568760-TOFK/data?filtercode=-&filterstatus=ACTIVE&"
  }, {
    "kindName" : "лс АДБ",
    "kindCode" : "04",
    "num" : "04611D01100",
    "createDate" : "2016-05-12 00:00:00.0",
    "closeDate" : "",
    "status" : "открыт",
    "openUfkCode" : "6100",
    "openUfkName" : "Управление Федерального казначейства по Сахалинской области",
    "openTofkName" : "00125277",
    "srvUfkCode" : "6100",
    "srvUfkName" : "Управление Федерального казначейства по Сахалинской области",
    "accountorgcode" : "",
    "accountorgfullname" : "",
    "ppocode" : "",
    "pponame" : "",
    "refopenUfkCode" : "/epbs/registry/7710568760-TOFK/data?filtercode=00125277&filterstatus=ACTIVE&",
    "refsrvUfkCode" : "/epbs/registry/7710568760-TOFK/data?filtercode=-&filterstatus=ACTIVE&"
  }, {
    "kindName" : "лс для учета операций со СВР",
    "kindCode" : "05",
    "num" : "05201D01100",
    "createDate" : "2015-11-13 00:00:00.0",
    "closeDate" : "2019-10-31 00:00:00.0",
    "status" : "закрыт",
    "openUfkCode" : "2000",
    "openUfkName" : "Управление Федерального казначейства по Приморскому краю",
    "openTofkName" : "00142487",
    "srvUfkCode" : "2031",
    "srvUfkName" : "Отдел № 1 Управления Федерального казначейства по Приморскому краю",
    "accountorgcode" : "",
    "accountorgfullname" : "",
    "ppocode" : "",
    "pponame" : "",
    "refopenUfkCode" : "/epbs/registry/7710568760-TOFK/data?filtercode=00142487&filterstatus=ACTIVE&",
    "refsrvUfkCode" : "/epbs/registry/7710568760-TOFK/data?filtercode=-&filterstatus=ACTIVE&"
  } ],
  "foAccounts" : [ ],
  "participantPermissions" : [ {
    "name" : "Получателя бюджетных средств",
    "code" : "103",
    "startDate" : "2016-02-25 00:00:00.0",
    "endDate" : ""
  }, {
    "name" : "Администратора доходов бюджета",
    "code" : "107",
    "startDate" : "2016-02-25 00:00:00.0",
    "endDate" : ""
  }, {
    "name" : "Получателя бюджетных средств, осуществляющего операции со средствами во временном распоряжении",
    "code" : "114",
    "startDate" : "2016-02-25 00:00:00.0",
    "endDate" : ""
  } ],
  "nonParticipantPermissions" : [ ],
  "procurementPermissions" : [ {
    "name" : "Заказчик",
    "code" : "201",
    "startDate" : "2016-06-23 00:00:00.0",
    "endDate" : ""
  } ],
  "contacts" : [ {
    "phone" : "4232407062__________",
    "site" : "http://kpr.vladivostok.ru",
    "mail" : "tmu@kpr.vladivostok.ru"
  } ],
  "acceptAuths" : [ ],
  "transfauth" : [ ],
  "attachment" : [ ],
  "contracts" : [ ],
  "ubptransfauthbp" : [ ],
  "ubptransfauthbu" : [ ],
  "ubpfin" : [ ],
  "ksaccounts" : [ ]
}, {
  "id" : "3489140",
  "info" : {
    "regNum" : "06346",
    "code" : "57306346",
    "divisionParentName" : "",
    "divisionParentCode" : "",
    "ogrn" : "1025902548100",
    "fullName" : "МУНИЦИПАЛЬНОЕ БЮДЖЕТНОЕ ОБЩЕОБРАЗОВАТЕЛЬНОЕ УЧРЕЖДЕНИЕ \"БЕДРЯЖИНСКАЯ ОСНОВНАЯ ОБЩЕОБРАЗОВАТЕЛЬНАЯ ШКОЛА\"",
    "shortName" : "МБОУ \"БЕДРЯЖИНСКАЯ ОСНОВНАЯ ОБЩЕОБРАЗОВАТЕЛЬНАЯ ШКОЛА\"",
    "inn" : "5957006312",
    "kpp" : "595701001",
    "regDate" : "2018-06-09 00:00:00.0",
    "okopfName" : "Муниципальные бюджетные учреждения",
    "okopfCode" : "75403",
    "okfsName" : "Муниципальная собственность",
    "okfsCode" : "14",
    "postIndex" : "617816",
    "cityType" : "",
    "cityName" : "",
    "streetType" : "УЛИЦА",
    "streetName" : "ЦЕНТРАЛЬНАЯ",
    "house" : "91",
    "oktmoName" : "с Бедряж",
    "oktmoCode" : "57657410101",
    "orfkName" : "Управление Федерального казначейства по Пермскому краю",
    "orfkCode" : "5600",
    "oksmName" : "",
    "oksmCode" : "",
    "location" : "",
    "kbkName" : "Управление образования администрации Чернушинского муниципального района",
    "kbkCode" : "927",
    "okoguName" : "",
    "okoguCode" : "",
    "okpoCode" : "50273401",
    "orgTypeName" : "Учреждение",
    "orgTypeCode" : "03",
    "establishmentKindName" : "Бюджетное",
    "establishmentKindCode" : "2",
    "legalPersonKindName" : "Создание юридического лица до 01.07.2002",
    "legalPersonKindCode" : "01",
    "ougvName" : "",
    "ougvCode" : "",
    "uoName" : "Управление финансов администрации Чернушинского муниципального района",
    "uoCode" : "57301282",
    "creatorKindName" : "",
    "creatorKindCode" : "",
    "creatorPlaceName" : "",
    "creatorPlaceCode" : "",
    "founderKindName" : "",
    "founderKindCode" : "",
    "founderPlaceName" : "Чернушинский муниципальный район",
    "founderPlaceCode" : "57657000",
    "budgetLvlName" : "Бюджет муниципального района",
    "budgetLvlCode" : "32",
    "budgetName" : "Бюджет Чернушинского муниципального района",
    "budgetCode" : "56030124",
    "statusCode" : "2",
    "statusName" : "недействующая",
    "regionType" : "КРАЙ",
    "regionName" : "ПЕРМСКИЙ",
    "isOGV" : "0",
    "isObosob" : "0",
    "orgStatus" : "2",
    "recordNum" : "57657000033206346032",
    "parentCode" : "",
    "parentName" : "",
    "okatoCode" : "",
    "okatoName" : "",
    "guid" : "466C213C-DDFF-4C01-B2B7-132932EA0750",
    "status" : "1",
    "controlNum" : "0",
    "bidNum" : "1-76-59-000/00050",
    "firstRegDate" : "2015-11-26 09:51:39.0",
    "firstRegGuid" : "b7408bb0-4f56-44e8-bdf7-cb7ddd33b7a2",
    "lastRegGuid" : "3467428e-7be0-4ad6-bc0c-35a06ee01f04",
    "lastRegDate" : "2020-01-03 19:27:56.0",
    "lastRegNum" : "1-76-59-000/63257",
    "updateReason" : "E",
    "updateNum" : "1",
    "inclusionDate" : "2015-11-26 13:43:49.0",
    "exclusionDate" : "",
    "pubpCode" : "",
    "rubpCode" : "",
    "nubpCode" : "06346",
    "cpzCode" : "03563000738",
    "pgmyCode" : "",
    "firmName" : "",
    "kofkCode" : "5600",
    "nameDocs" : "МБОУ \"БЕДРЯЖИНСКАЯ ОСНОВНАЯ ОБЩЕОБРАЗОВАТЕЛЬНАЯ ШКОЛА\"",
    "accMgmt" : "",
    "naibznachuch" : "",
    "regionCode" : "59",
    "areaCode" : "5902800000000",
    "areaType" : "РАЙОН",
    "areaName" : "ЧЕРНУШИНСКИЙ",
    "cityCode" : "",
    "localCode" : "5902800000300",
    "localName" : "БЕДРЯЖ",
    "localType" : "СЕЛО",
    "streetCode" : "59028000003000300",
    "building" : "",
    "apartment" : "",
    "reformationDocument" : "",
    "reformationDocumentNum" : "",
    "reformationDocumentDate" : "",
    "reformationName" : "",
    "reformationCode" : "",
    "reformationStartDate" : "",
    "reformationEndDate" : "2019-12-31 00:00:00.0",
    "dateUpdate" : "2020-01-04 00:00:00.0",
    "isExcluded" : "0",
    "isReorg" : "0",
    "startDate" : "2020-01-03 19:27:57.0",
    "endDate" : "",
    "loadDate" : "2020-01-04 05:01:12.0",
    "regionKladrCode" : "5900000000000",
    "egrulnotincluded" : "false",
    "parentrecordnum" : "",
    "planningstructuretype" : "",
    "planningstructurename" : "",
    "contourTypeCode" : "O",
    "specEventCode" : "2",
    "speceventcodedop1" : "",
    "speceventcodedop2" : "",
    "speceventcodedop3" : "",
    "dsp" : "",
    "ppotypecode" : "",
    "ppotypename" : "",
    "isUch" : "0",
    "reforfkCode" : "/epbs/registry/7710568760-TOFK/data?filtercode=5600&filterstatus=ACTIVE&"
  },
  "authorities" : [ {
    "authorityCode" : "57301289",
    "authorityName" : "УПРАВЛЕНИЕ ОБРАЗОВАНИЯ АДМИНИСТРАЦИИ ЧЕРНУШИНСКОГО МУНИЦИПАЛЬНОГО РАЙОНА",
    "permissions" : [ {
      "permissionCode" : "401",
      "permissionName" : "Выполнение функций и полномочий учредителя бюджетного учреждения при его создании, реорганизации, изменении типа и ликвидации"
    }, {
      "permissionCode" : "402",
      "permissionName" : "Утверждение устава бюджетного учреждения, а также вносимых в него изменений"
    }, {
      "permissionCode" : "403",
      "permissionName" : "Назначение (утверждение) руководителя бюджетного учреждения и прекращение его полномочий"
    }, {
      "permissionCode" : "404",
      "permissionName" : "Заключение и прекращение трудового договора с руководителем бюджетного учреждения"
    }, {
      "permissionCode" : "405",
      "permissionName" : "Формирование государственного задания на оказание государственных (муниципальных) услуг (выполнение работ) юридическим и физическим лицам в соответствии с предусмотренными уставом бюджетного учреждения основными видами деятельности"
    }, {
      "permissionCode" : "406",
      "permissionName" : "Утверждение государственного задания в соответствии с предусмотренными уставом бюджетного учреждения основными видами деятельности"
    }, {
      "permissionCode" : "407",
      "permissionName" : "Определение перечня особо ценного движимого имущества, закрепленного за бюджетным учреждением учредителем или приобретенного бюджетным учреждением за счет средств, выделенных ему учредителем на приобретение такого имущества"
    }, {
      "permissionCode" : "408",
      "permissionName" : "Предварительное согласование совершения бюджетным учреждением крупных сделок, соответствующих критериям, установленным в пункте 13 статьи 9.2 Федерального закона \"О некоммерческих организациях\""
    }, {
      "permissionCode" : "409",
      "permissionName" : "Принятие решений об одобрении сделок с участием бюджетного учреждения, в совершении которых имеется заинтересованность, определяемая в соответствии с критериями, установленными в статье 27 Федерального закона \"О некоммерческих организациях\""
    }, {
      "permissionCode" : "410",
      "permissionName" : "Установление порядка определения платы для физических и юридических лиц за услуги (работы), относящиеся к основным видам деятельности бюджетного учреждения, оказываемые им сверх установленного государственного задания, а также в случаях, определенных федеральными законами, в пределах установленного государственного задания"
    }, {
      "permissionCode" : "416",
      "permissionName" : "Осуществление финансового обеспечения выполнения государственного задания бюджетного учреждения"
    }, {
      "permissionCode" : "417",
      "permissionName" : "Определение порядка составления и утверждения плана финансово-хозяйственной деятельности бюджетного учреждения в соответствии с требованиями, установленными Министерством финансов Российской Федерации"
    }, {
      "permissionCode" : "419",
      "permissionName" : "Определение предельно допустимого значения просроченной кредиторской задолженности бюджетного учреждения, превышение которого влечет расторжение трудового договора с руководителем бюджетного учреждения по инициативе работодателя в соответствии с Трудовым кодексом Российской Федерации"
    }, {
      "permissionCode" : "420",
      "permissionName" : "Осуществление контроля деятельности бюджетного учреждения в соответствии с законодательством Российской Федерации"
    }, {
      "permissionCode" : "421",
      "permissionName" : "Осуществление иных функций и полномочий учредителя бюджетного учреждения, установленных федеральными законами и нормативными правовыми актами Президента Российской Федерации, Правительства Российской Федерации, субъекта Российской Федерации, правовыми актами муниципального образования"
    }, {
      "permissionCode" : "411",
      "permissionName" : "Определение порядка составления и утверждения отчета о результатах деятельности бюджетного учреждения и об использовании закрепленного за ним государственного (муниципального) имущества в соответствии с общими требованиями, установленными Министерством финансов Российской Федерации"
    }, {
      "permissionCode" : "412",
      "permissionName" : "Согласование распоряжения особо ценным движимым имуществом, закрепленным за бюджетным учреждением учредителем либо приобретенным бюджетным учреждением за счет средств, выделенных его учредителем на приобретение такого имущества"
    }, {
      "permissionCode" : "413",
      "permissionName" : "Согласование распоряжения недвижимым имуществом бюджетного учреждения, в том числе передачи его в аренду по договорам, типовые условия которых утверждаются Министерством экономического развития Российской Федерации, если иное не установлено иными нормативными правовыми актами, принимаемыми в соответствии с федеральными законами"
    }, {
      "permissionCode" : "414",
      "permissionName" : "Согласование внесения бюджетным учреждением денежных средств (если иное не установлено условиями их предоставления), иного имущества, за исключением особо ценного движимого имущества, а также недвижимого имущества, в уставный (складочный) капитал хозяйственных обществ или передачи им такого имущества иным образом в качестве их учредителя или участника"
    }, {
      "permissionCode" : "415",
      "permissionName" : "Согласование в случаях, предусмотренных федеральными законами, передачи некоммерческим организациям в качестве их учредителя или участника денежных средств (если иное не установлено условиями их предоставления) и иного имущества, за исключением особо ценного движимого имущества, закрепленного за бюджетным учреждением собственником или приобретенного бюджетным учреждением за счет средств,выделенных ему собственником на приобретение такого имущества, а также недвижимого имущества"
    } ]
  } ],
  "activities" : [ {
    "activityCode" : "85.13",
    "activityName" : "Образование основное общее",
    "activityKind" : "основной"
  }, {
    "activityCode" : "85.14",
    "activityName" : "Образование среднее общее",
    "activityKind" : "иной"
  } ],
  "heads" : [ {
    "fio" : "ПАРШАКОВА ЛЮБОВЬ ВИКТОРОВНА",
    "post" : "ДИРЕКТОР",
    "docName" : "",
    "docNum" : "",
    "docDate" : "",
    "headMain" : "false"
  } ],
  "successions" : [ {
    "parentName" : "МУНИЦИПАЛЬНОЕ БЮДЖЕТНОЕ ДОШКОЛЬНОЕ ОБРАЗОВАТЕЛЬНОЕ УЧРЕЖДЕНИЕ \"БЕДРЯЖИНСКИЙ ДЕТСКИЙ САД\"",
    "parentCode" : "-",
    "ogrn" : "1025902547880",
    "docname" : "",
    "numberdoc" : "",
    "documentdate" : "",
    "datasource" : "1"
  }, {
    "parentName" : "МУНИЦИПАЛЬНОЕ ОБРАЗОВАТЕЛЬНОЕ УЧРЕЖДЕНИЕ ДЛЯ ДЕТЕЙ ДОШКОЛЬНОГО И МЛАДШЕГО ШКОЛЬНОГО ВОЗРАСТА \"КАМЕННО-КЛЮЧЕВСКАЯ НАЧАЛЬНАЯ ШКОЛА-ДЕТСКИЙ САД\"",
    "parentCode" : "-",
    "ogrn" : "1025902547989",
    "docname" : "",
    "numberdoc" : "",
    "documentdate" : "",
    "datasource" : "1"
  } ],
  "facialAccounts" : [ ],
  "foAccounts" : [ {
    "foName" : "УПРАВЛЕНИЕ ФИНАНСОВ АДМИНИСТРАЦИИ ЧЕРНУШИНСКОГО МУНИЦИПАЛЬНОГО РАЙОНА",
    "foCode" : "57301282",
    "accountTypeName" : "14",
    "num" : "149270049"
  }, {
    "foName" : "УПРАВЛЕНИЕ ФИНАНСОВ АДМИНИСТРАЦИИ ЧЕРНУШИНСКОГО МУНИЦИПАЛЬНОГО РАЙОНА",
    "foCode" : "57301282",
    "accountTypeName" : "20",
    "num" : "209270049"
  }, {
    "foName" : "УПРАВЛЕНИЕ ФИНАНСОВ АДМИНИСТРАЦИИ ЧЕРНУШИНСКОГО МУНИЦИПАЛЬНОГО РАЙОНА",
    "foCode" : "57301282",
    "accountTypeName" : "21",
    "num" : "219270049"
  } ],
  "participantPermissions" : [ ],
  "nonParticipantPermissions" : [ {
    "name" : "НУБП",
    "registryNum" : "06346",
    "code" : "303",
    "startDate" : "2016-12-23 00:00:00.0",
    "endDate" : "",
    "authBudgName" : "Бюджет Чернушинского муниципального района",
    "authBudgCode" : "56030124",
    "authPPOName" : "",
    "authPPOCode" : "",
    "authKBKGlavaName" : "Управление образования администрации Чернушинского муниципального района",
    "authKBKGlavaCode" : "927"
  } ],
  "procurementPermissions" : [ {
    "name" : "Заказчик",
    "code" : "201",
    "startDate" : "2016-06-24 00:00:00.0",
    "endDate" : ""
  } ],
  "contacts" : [ {
    "phone" : "34261264423426146163",
    "site" : "http://59311s012.edusite.ru",
    "mail" : "Bedr5@yandex.ru"
  } ],
  "acceptAuths" : [ ],
  "transfauth" : [ ],
  "attachment" : [ ],
  "contracts" : [ ],
  "ubptransfauthbp" : [ ],
  "ubptransfauthbu" : [ ],
  "ubpfin" : [ ],
  "ksaccounts" : [ ]
}, {
  "id" : "3489143",
  "info" : {
    "regNum" : "06335",
    "code" : "57306335",
    "divisionParentName" : "",
    "divisionParentCode" : "",
    "ogrn" : "1025902545404",
    "fullName" : "МУНИЦИПАЛЬНОЕ БЮДЖЕТНОЕ ОБЩЕОБРАЗОВАТЕЛЬНОЕ УЧРЕЖДЕНИЕ \"ТАУШИНСКАЯ ОСНОВНАЯ ОБЩЕОБРАЗОВАТЕЛЬНАЯ ШКОЛА\"",
    "shortName" : "МБОУ \"ТАУШИНСКАЯ ОСНОВНАЯ ОБЩЕОБРАЗОВАТЕЛЬНАЯ ШКОЛА\"",
    "inn" : "5957004058",
    "kpp" : "595701001",
    "regDate" : "2018-06-09 00:00:00.0",
    "okopfName" : "Муниципальные бюджетные учреждения",
    "okopfCode" : "75403",
    "okfsName" : "Муниципальная собственность",
    "okfsCode" : "14",
    "postIndex" : "617826",
    "cityType" : "",
    "cityName" : "",
    "streetType" : "УЛИЦА",
    "streetName" : "ИВАНОВА",
    "house" : "15",
    "oktmoName" : "с Тауш",
    "oktmoCode" : "57657443101",
    "orfkName" : "Управление Федерального казначейства по Пермскому краю",
    "orfkCode" : "5600",
    "oksmName" : "",
    "oksmCode" : "",
    "location" : "",
    "kbkName" : "Управление образования администрации Чернушинского муниципального района",
    "kbkCode" : "927",
    "okoguName" : "",
    "okoguCode" : "",
    "okpoCode" : "35195075",
    "orgTypeName" : "Учреждение",
    "orgTypeCode" : "03",
    "establishmentKindName" : "Бюджетное",
    "establishmentKindCode" : "2",
    "legalPersonKindName" : "Создание юридического лица до 01.07.2002",
    "legalPersonKindCode" : "01",
    "ougvName" : "",
    "ougvCode" : "",
    "uoName" : "Управление финансов администрации Чернушинского муниципального района",
    "uoCode" : "57301282",
    "creatorKindName" : "",
    "creatorKindCode" : "",
    "creatorPlaceName" : "",
    "creatorPlaceCode" : "",
    "founderKindName" : "",
    "founderKindCode" : "",
    "founderPlaceName" : "Чернушинский муниципальный район",
    "founderPlaceCode" : "57657000",
    "budgetLvlName" : "Бюджет муниципального района",
    "budgetLvlCode" : "32",
    "budgetName" : "Бюджет Чернушинского муниципального района",
    "budgetCode" : "56030124",
    "statusCode" : "2",
    "statusName" : "недействующая",
    "regionType" : "КРАЙ",
    "regionName" : "ПЕРМСКИЙ",
    "isOGV" : "0",
    "isObosob" : "0",
    "orgStatus" : "2",
    "recordNum" : "57657000033206335062",
    "parentCode" : "",
    "parentName" : "",
    "okatoCode" : "",
    "okatoName" : "",
    "guid" : "70541300-03B8-4222-A1DF-5C0F14F3CE99",
    "status" : "1",
    "controlNum" : "0",
    "bidNum" : "1-76-59-000/00091",
    "firstRegDate" : "2015-12-07 16:13:51.0",
    "firstRegGuid" : "0f06d3a6-9b6c-4c37-a15b-42be7a924135",
    "lastRegGuid" : "135b4ac6-bde4-407e-964c-c9151ff2d673",
    "lastRegDate" : "2020-01-03 19:02:48.0",
    "lastRegNum" : "1-76-59-000/63255",
    "updateReason" : "E",
    "updateNum" : "1",
    "inclusionDate" : "2015-12-08 11:06:04.0",
    "exclusionDate" : "",
    "pubpCode" : "",
    "rubpCode" : "",
    "nubpCode" : "06335",
    "cpzCode" : "",
    "pgmyCode" : "",
    "firmName" : "",
    "kofkCode" : "5600",
    "nameDocs" : "МБОУ \"ТАУШИНСКАЯ ОСНОВНАЯ ОБЩЕОБРАЗОВАТЕЛЬНАЯ ШКОЛА\"\"",
    "accMgmt" : "",
    "naibznachuch" : "",
    "regionCode" : "59",
    "areaCode" : "5902800000000",
    "areaType" : "РАЙОН",
    "areaName" : "ЧЕРНУШИНСКИЙ",
    "cityCode" : "",
    "localCode" : "5902800001500",
    "localName" : "ТАУШ",
    "localType" : "СЕЛО",
    "streetCode" : "59028000015000800",
    "building" : "",
    "apartment" : "",
    "reformationDocument" : "",
    "reformationDocumentNum" : "",
    "reformationDocumentDate" : "",
    "reformationName" : "",
    "reformationCode" : "",
    "reformationStartDate" : "",
    "reformationEndDate" : "2019-12-31 00:00:00.0",
    "dateUpdate" : "2020-01-04 00:00:00.0",
    "isExcluded" : "0",
    "isReorg" : "0",
    "startDate" : "2020-01-03 19:02:48.0",
    "endDate" : "",
    "loadDate" : "2020-01-04 05:01:12.0",
    "regionKladrCode" : "5900000000000",
    "egrulnotincluded" : "false",
    "parentrecordnum" : "",
    "planningstructuretype" : "",
    "planningstructurename" : "",
    "contourTypeCode" : "O",
    "specEventCode" : "2",
    "speceventcodedop1" : "",
    "speceventcodedop2" : "",
    "speceventcodedop3" : "",
    "dsp" : "",
    "ppotypecode" : "",
    "ppotypename" : "",
    "isUch" : "0",
    "reforfkCode" : "/epbs/registry/7710568760-TOFK/data?filtercode=5600&filterstatus=ACTIVE&"
  },
  "authorities" : [ {
    "authorityCode" : "57301289",
    "authorityName" : "УПРАВЛЕНИЕ ОБРАЗОВАНИЯ АДМИНИСТРАЦИИ ЧЕРНУШИНСКОГО МУНИЦИПАЛЬНОГО РАЙОНА",
    "permissions" : [ {
      "permissionCode" : "401",
      "permissionName" : "Выполнение функций и полномочий учредителя бюджетного учреждения при его создании, реорганизации, изменении типа и ликвидации"
    }, {
      "permissionCode" : "402",
      "permissionName" : "Утверждение устава бюджетного учреждения, а также вносимых в него изменений"
    }, {
      "permissionCode" : "403",
      "permissionName" : "Назначение (утверждение) руководителя бюджетного учреждения и прекращение его полномочий"
    }, {
      "permissionCode" : "404",
      "permissionName" : "Заключение и прекращение трудового договора с руководителем бюджетного учреждения"
    }, {
      "permissionCode" : "405",
      "permissionName" : "Формирование государственного задания на оказание государственных (муниципальных) услуг (выполнение работ) юридическим и физическим лицам в соответствии с предусмотренными уставом бюджетного учреждения основными видами деятельности"
    }, {
      "permissionCode" : "406",
      "permissionName" : "Утверждение государственного задания в соответствии с предусмотренными уставом бюджетного учреждения основными видами деятельности"
    }, {
      "permissionCode" : "407",
      "permissionName" : "Определение перечня особо ценного движимого имущества, закрепленного за бюджетным учреждением учредителем или приобретенного бюджетным учреждением за счет средств, выделенных ему учредителем на приобретение такого имущества"
    }, {
      "permissionCode" : "408",
      "permissionName" : "Предварительное согласование совершения бюджетным учреждением крупных сделок, соответствующих критериям, установленным в пункте 13 статьи 9.2 Федерального закона \"О некоммерческих организациях\""
    }, {
      "permissionCode" : "409",
      "permissionName" : "Принятие решений об одобрении сделок с участием бюджетного учреждения, в совершении которых имеется заинтересованность, определяемая в соответствии с критериями, установленными в статье 27 Федерального закона \"О некоммерческих организациях\""
    }, {
      "permissionCode" : "410",
      "permissionName" : "Установление порядка определения платы для физических и юридических лиц за услуги (работы), относящиеся к основным видам деятельности бюджетного учреждения, оказываемые им сверх установленного государственного задания, а также в случаях, определенных федеральными законами, в пределах установленного государственного задания"
    }, {
      "permissionCode" : "416",
      "permissionName" : "Осуществление финансового обеспечения выполнения государственного задания бюджетного учреждения"
    }, {
      "permissionCode" : "417",
      "permissionName" : "Определение порядка составления и утверждения плана финансово-хозяйственной деятельности бюджетного учреждения в соответствии с требованиями, установленными Министерством финансов Российской Федерации"
    }, {
      "permissionCode" : "419",
      "permissionName" : "Определение предельно допустимого значения просроченной кредиторской задолженности бюджетного учреждения, превышение которого влечет расторжение трудового договора с руководителем бюджетного учреждения по инициативе работодателя в соответствии с Трудовым кодексом Российской Федерации"
    }, {
      "permissionCode" : "420",
      "permissionName" : "Осуществление контроля деятельности бюджетного учреждения в соответствии с законодательством Российской Федерации"
    }, {
      "permissionCode" : "421",
      "permissionName" : "Осуществление иных функций и полномочий учредителя бюджетного учреждения, установленных федеральными законами и нормативными правовыми актами Президента Российской Федерации, Правительства Российской Федерации, субъекта Российской Федерации, правовыми актами муниципального образования"
    }, {
      "permissionCode" : "411",
      "permissionName" : "Определение порядка составления и утверждения отчета о результатах деятельности бюджетного учреждения и об использовании закрепленного за ним государственного (муниципального) имущества в соответствии с общими требованиями, установленными Министерством финансов Российской Федерации"
    }, {
      "permissionCode" : "412",
      "permissionName" : "Согласование распоряжения особо ценным движимым имуществом, закрепленным за бюджетным учреждением учредителем либо приобретенным бюджетным учреждением за счет средств, выделенных его учредителем на приобретение такого имущества"
    }, {
      "permissionCode" : "413",
      "permissionName" : "Согласование распоряжения недвижимым имуществом бюджетного учреждения, в том числе передачи его в аренду по договорам, типовые условия которых утверждаются Министерством экономического развития Российской Федерации, если иное не установлено иными нормативными правовыми актами, принимаемыми в соответствии с федеральными законами"
    }, {
      "permissionCode" : "414",
      "permissionName" : "Согласование внесения бюджетным учреждением денежных средств (если иное не установлено условиями их предоставления), иного имущества, за исключением особо ценного движимого имущества, а также недвижимого имущества, в уставный (складочный) капитал хозяйственных обществ или передачи им такого имущества иным образом в качестве их учредителя или участника"
    }, {
      "permissionCode" : "415",
      "permissionName" : "Согласование в случаях, предусмотренных федеральными законами, передачи некоммерческим организациям в качестве их учредителя или участника денежных средств (если иное не установлено условиями их предоставления) и иного имущества, за исключением особо ценного движимого имущества, закрепленного за бюджетным учреждением собственником или приобретенного бюджетным учреждением за счет средств,выделенных ему собственником на приобретение такого имущества, а также недвижимого имущества"
    } ]
  } ],
  "activities" : [ {
    "activityCode" : "85.13",
    "activityName" : "Образование основное общее",
    "activityKind" : "основной"
  } ],
  "heads" : [ {
    "fio" : "ГОЛДОБИНА ОЛЬГА ЛЕОНИДОВНА",
    "post" : "ДИРЕКТОР",
    "docName" : "",
    "docNum" : "",
    "docDate" : "",
    "headMain" : "false"
  } ],
  "successions" : [ {
    "parentName" : "МУНИЦИПАЛЬНОЕ БЮДЖЕТНОЕ ДОШКОЛЬНОЕ ОБРАЗОВАТЕЛЬНОЕ УЧРЕЖДЕНИЕ \"ТАУШИНСКИЙ ДЕТСКИЙ САД\"",
    "parentCode" : "-",
    "ogrn" : "1025902545822",
    "docname" : "",
    "numberdoc" : "",
    "documentdate" : "",
    "datasource" : "1"
  } ],
  "facialAccounts" : [ ],
  "foAccounts" : [ {
    "foName" : "УПРАВЛЕНИЕ ФИНАНСОВ АДМИНИСТРАЦИИ ЧЕРНУШИНСКОГО МУНИЦИПАЛЬНОГО РАЙОНА",
    "foCode" : "57301282",
    "accountTypeName" : "14",
    "num" : "149270039"
  }, {
    "foName" : "УПРАВЛЕНИЕ ФИНАНСОВ АДМИНИСТРАЦИИ ЧЕРНУШИНСКОГО МУНИЦИПАЛЬНОГО РАЙОНА",
    "foCode" : "57301282",
    "accountTypeName" : "20",
    "num" : "209270039"
  }, {
    "foName" : "УПРАВЛЕНИЕ ФИНАНСОВ АДМИНИСТРАЦИИ ЧЕРНУШИНСКОГО МУНИЦИПАЛЬНОГО РАЙОНА",
    "foCode" : "57301282",
    "accountTypeName" : "21",
    "num" : "219270039"
  } ],
  "participantPermissions" : [ ],
  "nonParticipantPermissions" : [ {
    "name" : "НУБП",
    "registryNum" : "06335",
    "code" : "303",
    "startDate" : "2016-12-29 00:00:00.0",
    "endDate" : "",
    "authBudgName" : "Бюджет Чернушинского муниципального района",
    "authBudgCode" : "56030124",
    "authPPOName" : "",
    "authPPOCode" : "",
    "authKBKGlavaName" : "Управление образования администрации Чернушинского муниципального района",
    "authKBKGlavaCode" : "927"
  } ],
  "procurementPermissions" : [ {
    "name" : "Заказчик",
    "code" : "201",
    "startDate" : "2016-06-24 00:00:00.0",
    "endDate" : ""
  } ],
  "contacts" : [ {
    "phone" : "34261444673426144467",
    "site" : "http://59311s016.edusite.ru",
    "mail" : "taushkolla@yandex.ru"
  } ],
  "acceptAuths" : [ ],
  "transfauth" : [ ],
  "attachment" : [ ],
  "contracts" : [ ],
  "ubptransfauthbp" : [ ],
  "ubptransfauthbu" : [ ],
  "ubpfin" : [ ],
  "ksaccounts" : [ ]
}, {
  "id" : "3489146",
  "info" : {
    "regNum" : "06340",
    "code" : "57306340",
    "divisionParentName" : "",
    "divisionParentCode" : "",
    "ogrn" : "1025902545492",
    "fullName" : "МУНИЦИПАЛЬНОЕ БЮДЖЕТНОЕ ОБЩЕОБРАЗОВАТЕЛЬНОЕ УЧРЕЖДЕНИЕ \"ЕРМИЕВСКАЯ ОСНОВНАЯ ОБЩЕОБРАЗОВАТЕЛЬНАЯ ШКОЛА\"",
    "shortName" : "МБОУ \"ЕРМИЕВСКАЯ ООШ\"",
    "inn" : "5957006200",
    "kpp" : "595701001",
    "regDate" : "2018-06-09 00:00:00.0",
    "okopfName" : "Муниципальные бюджетные учреждения",
    "okopfCode" : "75403",
    "okfsName" : "Муниципальная собственность",
    "okfsCode" : "14",
    "postIndex" : "617813",
    "cityType" : "",
    "cityName" : "",
    "streetType" : "УЛИЦА",
    "streetName" : "ЦЕНТРАЛЬНАЯ",
    "house" : "12",
    "oktmoName" : "с Ермия",
    "oktmoCode" : "57657404116",
    "orfkName" : "Управление Федерального казначейства по Пермскому краю",
    "orfkCode" : "5600",
    "oksmName" : "",
    "oksmCode" : "",
    "location" : "",
    "kbkName" : "Управление образования администрации Чернушинского муниципального района",
    "kbkCode" : "927",
    "okoguName" : "",
    "okoguCode" : "",
    "okpoCode" : "50273625",
    "orgTypeName" : "Учреждение",
    "orgTypeCode" : "03",
    "establishmentKindName" : "Бюджетное",
    "establishmentKindCode" : "2",
    "legalPersonKindName" : "Создание юридического лица до 01.07.2002",
    "legalPersonKindCode" : "01",
    "ougvName" : "",
    "ougvCode" : "",
    "uoName" : "Управление финансов администрации Чернушинского муниципального района",
    "uoCode" : "57301282",
    "creatorKindName" : "",
    "creatorKindCode" : "",
    "creatorPlaceName" : "",
    "creatorPlaceCode" : "",
    "founderKindName" : "",
    "founderKindCode" : "",
    "founderPlaceName" : "Чернушинский муниципальный район",
    "founderPlaceCode" : "57657000",
    "budgetLvlName" : "Бюджет муниципального района",
    "budgetLvlCode" : "32",
    "budgetName" : "Бюджет Чернушинского муниципального района",
    "budgetCode" : "56030124",
    "statusCode" : "2",
    "statusName" : "недействующая",
    "regionType" : "КРАЙ",
    "regionName" : "ПЕРМСКИЙ",
    "isOGV" : "0",
    "isObosob" : "0",
    "orgStatus" : "2",
    "recordNum" : "57657000033206340092",
    "parentCode" : "",
    "parentName" : "",
    "okatoCode" : "",
    "okatoName" : "",
    "guid" : "C34C02B3-BE77-4DA7-AF27-108D37891A5B",
    "status" : "1",
    "controlNum" : "0",
    "bidNum" : "1-76-59-000/00040",
    "firstRegDate" : "2015-11-25 09:19:39.0",
    "firstRegGuid" : "01dcd6ee-2991-4908-923d-d8bc284d7191",
    "lastRegGuid" : "f8636f6e-36e7-431a-8cf3-503aa4374429",
    "lastRegDate" : "2020-01-03 19:19:33.0",
    "lastRegNum" : "1-76-59-000/63256",
    "updateReason" : "E",
    "updateNum" : "1",
    "inclusionDate" : "2015-11-25 12:05:07.0",
    "exclusionDate" : "",
    "pubpCode" : "",
    "rubpCode" : "",
    "nubpCode" : "06340",
    "cpzCode" : "03563000439",
    "pgmyCode" : "",
    "firmName" : "",
    "kofkCode" : "5600",
    "nameDocs" : "МБОУ \"ЕРМИЕВСКАЯ ООШ\"",
    "accMgmt" : "",
    "naibznachuch" : "",
    "regionCode" : "59",
    "areaCode" : "5902800000000",
    "areaType" : "РАЙОН",
    "areaName" : "ЧЕРНУШИНСКИЙ",
    "cityCode" : "",
    "localCode" : "5902800000600",
    "localName" : "ЕРМИЯ",
    "localType" : "СЕЛО",
    "streetCode" : "59028000006000100",
    "building" : "",
    "apartment" : "",
    "reformationDocument" : "",
    "reformationDocumentNum" : "",
    "reformationDocumentDate" : "",
    "reformationName" : "",
    "reformationCode" : "",
    "reformationStartDate" : "",
    "reformationEndDate" : "2019-12-31 00:00:00.0",
    "dateUpdate" : "2020-01-04 00:00:00.0",
    "isExcluded" : "0",
    "isReorg" : "0",
    "startDate" : "2020-01-03 19:19:34.0",
    "endDate" : "",
    "loadDate" : "2020-01-04 05:01:12.0",
    "regionKladrCode" : "5900000000000",
    "egrulnotincluded" : "false",
    "parentrecordnum" : "",
    "planningstructuretype" : "",
    "planningstructurename" : "",
    "contourTypeCode" : "O",
    "specEventCode" : "2",
    "speceventcodedop1" : "",
    "speceventcodedop2" : "",
    "speceventcodedop3" : "",
    "dsp" : "",
    "ppotypecode" : "",
    "ppotypename" : "",
    "isUch" : "0",
    "reforfkCode" : "/epbs/registry/7710568760-TOFK/data?filtercode=5600&filterstatus=ACTIVE&"
  },
  "authorities" : [ {
    "authorityCode" : "57301289",
    "authorityName" : "УПРАВЛЕНИЕ ОБРАЗОВАНИЯ АДМИНИСТРАЦИИ ЧЕРНУШИНСКОГО МУНИЦИПАЛЬНОГО РАЙОНА",
    "permissions" : [ {
      "permissionCode" : "401",
      "permissionName" : "Выполнение функций и полномочий учредителя бюджетного учреждения при его создании, реорганизации, изменении типа и ликвидации"
    }, {
      "permissionCode" : "402",
      "permissionName" : "Утверждение устава бюджетного учреждения, а также вносимых в него изменений"
    }, {
      "permissionCode" : "403",
      "permissionName" : "Назначение (утверждение) руководителя бюджетного учреждения и прекращение его полномочий"
    }, {
      "permissionCode" : "404",
      "permissionName" : "Заключение и прекращение трудового договора с руководителем бюджетного учреждения"
    }, {
      "permissionCode" : "405",
      "permissionName" : "Формирование государственного задания на оказание государственных (муниципальных) услуг (выполнение работ) юридическим и физическим лицам в соответствии с предусмотренными уставом бюджетного учреждения основными видами деятельности"
    }, {
      "permissionCode" : "406",
      "permissionName" : "Утверждение государственного задания в соответствии с предусмотренными уставом бюджетного учреждения основными видами деятельности"
    }, {
      "permissionCode" : "407",
      "permissionName" : "Определение перечня особо ценного движимого имущества, закрепленного за бюджетным учреждением учредителем или приобретенного бюджетным учреждением за счет средств, выделенных ему учредителем на приобретение такого имущества"
    }, {
      "permissionCode" : "408",
      "permissionName" : "Предварительное согласование совершения бюджетным учреждением крупных сделок, соответствующих критериям, установленным в пункте 13 статьи 9.2 Федерального закона \"О некоммерческих организациях\""
    }, {
      "permissionCode" : "409",
      "permissionName" : "Принятие решений об одобрении сделок с участием бюджетного учреждения, в совершении которых имеется заинтересованность, определяемая в соответствии с критериями, установленными в статье 27 Федерального закона \"О некоммерческих организациях\""
    }, {
      "permissionCode" : "410",
      "permissionName" : "Установление порядка определения платы для физических и юридических лиц за услуги (работы), относящиеся к основным видам деятельности бюджетного учреждения, оказываемые им сверх установленного государственного задания, а также в случаях, определенных федеральными законами, в пределах установленного государственного задания"
    }, {
      "permissionCode" : "416",
      "permissionName" : "Осуществление финансового обеспечения выполнения государственного задания бюджетного учреждения"
    }, {
      "permissionCode" : "417",
      "permissionName" : "Определение порядка составления и утверждения плана финансово-хозяйственной деятельности бюджетного учреждения в соответствии с требованиями, установленными Министерством финансов Российской Федерации"
    }, {
      "permissionCode" : "419",
      "permissionName" : "Определение предельно допустимого значения просроченной кредиторской задолженности бюджетного учреждения, превышение которого влечет расторжение трудового договора с руководителем бюджетного учреждения по инициативе работодателя в соответствии с Трудовым кодексом Российской Федерации"
    }, {
      "permissionCode" : "420",
      "permissionName" : "Осуществление контроля деятельности бюджетного учреждения в соответствии с законодательством Российской Федерации"
    }, {
      "permissionCode" : "421",
      "permissionName" : "Осуществление иных функций и полномочий учредителя бюджетного учреждения, установленных федеральными законами и нормативными правовыми актами Президента Российской Федерации, Правительства Российской Федерации, субъекта Российской Федерации, правовыми актами муниципального образования"
    }, {
      "permissionCode" : "411",
      "permissionName" : "Определение порядка составления и утверждения отчета о результатах деятельности бюджетного учреждения и об использовании закрепленного за ним государственного (муниципального) имущества в соответствии с общими требованиями, установленными Министерством финансов Российской Федерации"
    }, {
      "permissionCode" : "412",
      "permissionName" : "Согласование распоряжения особо ценным движимым имуществом, закрепленным за бюджетным учреждением учредителем либо приобретенным бюджетным учреждением за счет средств, выделенных его учредителем на приобретение такого имущества"
    }, {
      "permissionCode" : "413",
      "permissionName" : "Согласование распоряжения недвижимым имуществом бюджетного учреждения, в том числе передачи его в аренду по договорам, типовые условия которых утверждаются Министерством экономического развития Российской Федерации, если иное не установлено иными нормативными правовыми актами, принимаемыми в соответствии с федеральными законами"
    }, {
      "permissionCode" : "414",
      "permissionName" : "Согласование внесения бюджетным учреждением денежных средств (если иное не установлено условиями их предоставления), иного имущества, за исключением особо ценного движимого имущества, а также недвижимого имущества, в уставный (складочный) капитал хозяйственных обществ или передачи им такого имущества иным образом в качестве их учредителя или участника"
    }, {
      "permissionCode" : "415",
      "permissionName" : "Согласование в случаях, предусмотренных федеральными законами, передачи некоммерческим организациям в качестве их учредителя или участника денежных средств (если иное не установлено условиями их предоставления) и иного имущества, за исключением особо ценного движимого имущества, закрепленного за бюджетным учреждением собственником или приобретенного бюджетным учреждением за счет средств,выделенных ему собственником на приобретение такого имущества, а также недвижимого имущества"
    } ]
  } ],
  "activities" : [ {
    "activityCode" : "85.13",
    "activityName" : "Образование основное общее",
    "activityKind" : "основной"
  }, {
    "activityCode" : "85.11",
    "activityName" : "Образование дошкольное",
    "activityKind" : "иной"
  }, {
    "activityCode" : "85.41",
    "activityName" : "Образование дополнительное детей и взрослых",
    "activityKind" : "иной"
  } ],
  "heads" : [ {
    "fio" : "Юминова Нина Сергеевна",
    "post" : "ДИРЕКТОР",
    "docName" : "",
    "docNum" : "",
    "docDate" : "",
    "headMain" : "false"
  } ],
  "successions" : [ {
    "parentName" : "МУНИЦИПАЛЬНОЕ БЮДЖЕТНОЕ ДОШКОЛЬНОЕ ОБРАЗОВАТЕЛЬНОЕ УЧРЕЖДЕНИЕ \"ЕРМИЕВСКИЙ ДЕТСКИЙ САД\"",
    "parentCode" : "-",
    "ogrn" : "1025902548616",
    "docname" : "",
    "numberdoc" : "",
    "documentdate" : "",
    "datasource" : "1"
  } ],
  "facialAccounts" : [ ],
  "foAccounts" : [ {
    "foName" : "УПРАВЛЕНИЕ ФИНАНСОВ АДМИНИСТРАЦИИ ЧЕРНУШИНСКОГО МУНИЦИПАЛЬНОГО РАЙОНА",
    "foCode" : "57301282",
    "accountTypeName" : "14",
    "num" : "149270058"
  }, {
    "foName" : "УПРАВЛЕНИЕ ФИНАНСОВ АДМИНИСТРАЦИИ ЧЕРНУШИНСКОГО МУНИЦИПАЛЬНОГО РАЙОНА",
    "foCode" : "57301282",
    "accountTypeName" : "20",
    "num" : "209270058"
  } ],
  "participantPermissions" : [ ],
  "nonParticipantPermissions" : [ {
    "name" : "НУБП",
    "registryNum" : "06340",
    "code" : "303",
    "startDate" : "2016-12-08 00:00:00.0",
    "endDate" : "",
    "authBudgName" : "Бюджет Чернушинского муниципального района",
    "authBudgCode" : "56030124",
    "authPPOName" : "",
    "authPPOCode" : "",
    "authKBKGlavaName" : "Управление образования администрации Чернушинского муниципального района",
    "authKBKGlavaCode" : "927"
  } ],
  "procurementPermissions" : [ {
    "name" : "Заказчик",
    "code" : "201",
    "startDate" : "2016-06-24 00:00:00.0",
    "endDate" : ""
  } ],
  "contacts" : [ {
    "phone" : "3426123533__________",
    "site" : "http://59311s021.edusite.ru",
    "mail" : "schkola.ermiya@mail.ru"
  } ],
  "acceptAuths" : [ ],
  "transfauth" : [ ],
  "attachment" : [ ],
  "contracts" : [ ],
  "ubptransfauthbp" : [ ],
  "ubptransfauthbu" : [ ],
  "ubpfin" : [ ],
  "ksaccounts" : [ ]
} ]